,skids,side,class,segment,type,group
0,2015233,left,sensory,head,100.0,
1,1548290,left,muscle,1,,
2,1318919,left,sensory,head,88.0,15.0
3,2015241,left,sensory,head,100.0,
4,1294348,,,,,
5,1769485,right,sensory,,,
6,1622033,right,muscle,3,,
7,2007060,right,inter,head,,
8,1589273,,,,,
9,1064990,right,inter,head,116.0,
10,1564703,left,,head,,
11,1728550,left,inter,3,105.0,
12,1417265,left,inter,3,,5.0
13,1728563,right,motor,2,165.0,
14,1318965,left,inter,head,,
15,1278006,left,sensory,head,80.0,
16,1400886,,,,,
17,1466424,right,motor,2,64.0,
18,1458234,right,,1,,
19,1417276,right,inter,3,,3.0
20,1507391,right,muscle,3,,
21,1294400,right,sensory,head,163.0,
22,1065030,right,inter,2,169.0,3.0
23,1318986,left,inter,head,,
24,1400907,,,,,
25,1294413,right,sensory,head,163.0,
26,1441872,right,muscle,2,,
27,24659,right,sensory,head,1.0,
28,1278038,left,sensory,3,143.0,
29,1130583,left,sensory,head,49.0,
30,1417306,,,,,
31,1433691,left,,1,,
32,1376350,right,inter,1,,3.0
33,1024095,left,inter,head,,
34,1278051,left,sensory,head,96.0,
35,1851492,,,,,
36,1433701,left,,1,,
37,1392742,left,epithelia,3,,
38,1417326,,,,,
39,1687663,,,,,
40,1392754,left,muscle,3,,
41,1359987,right,inter,head,,
42,385141,left,inter,head,125.0,12.0
43,827510,left,inter,1,155.0,3.0
44,1359995,right,inter,head,,
45,1720448,,,,,
46,1646725,left,muscle,2,,
47,2007173,right,,0,,16.0
48,1302663,left,sensory,head,,
49,786570,right,inter,head,,
50,557195,left,muscle,1,,
51,909450,right,muscle,3,,
52,1736843,left,sensory,head,100.0,15.0
53,1204373,right,ciliated,0,,
54,942233,left,muscle,1,,
55,1409181,right,muscle,head,,
56,1319070,right,sensory,head,15.0,
57,57508,right,inter,head,,
58,1409196,right,muscle,0,,
59,344239,left,motor,head,84.0,
60,1671351,left,muscle,3,,
61,1736887,left,sensory,head,100.0,
62,1663161,right,motor,1,,
63,1499326,right,,1,,7.0
64,1851582,,,,,
65,401601,right,inter,head,,
66,1417409,,,,,
67,573635,right,muscle,0,,
68,1376459,right,inter,1,,6.0
69,1818828,,,,,
70,1065166,left,sensory,head,50.0,
71,57553,left,inter,head,57.0,
72,508114,left,sensory,head,28.0,
73,1310931,,,,,
74,1335507,right,inter,head,122.0,
75,671957,right,inter,head,104.0,
76,1425621,right,inter,3,,7.0
77,2015448,,,,,
78,1065178,left,sensory,head,13.0,
79,1286364,right,,0,,
80,1155295,left,sensory,head,,
81,73954,left,inter,head,104.0,
82,2015461,,,,,
83,1925350,,,,,
84,1278185,right,sensory,pygidium,98.0,9.0
85,1474793,right,inter,head,,
86,1409275,left,epithelia,head,,
87,1646847,left,muscle,2,,
88,1679615,right,motor,1,64.0,
89,2007296,,,,,
90,409861,left,inter,head,104.0,
91,1925391,,,,,
92,24849,right,sensory,head,1.0,
93,385300,,,,,
94,991508,,,,,
95,139543,right,sensory,1,38.0,
96,1483032,right,inter,2,,1.0
97,1786137,,,,,
98,16668,right,sensory,head,1.0,
99,532764,right,sensory,head,44.0,
100,1311006,left,inter,head,117.0,12.0
101,1392926,left,motor,3,,
102,1433886,,,,,
103,1401122,left,inter,3,,3.0
104,1392932,right,inter,2,,7.0
105,1392938,,,,,
106,1335597,right,sensory,head,,
107,2007344,left,motor,head,166.0,
108,1360179,left,inter,head,118.0,
109,1409346,right,inter,head,,
110,1392970,left,motor,3,64.0,
111,16719,left,sensory,head,35.0,
112,1728847,left,muscle,2,,
113,1352017,,,,,
114,1204562,left,ciliated,head,,
115,2015571,left,inter,1,73.0,7.0
116,1442134,left,inter,3,,7.0
117,237911,,inter,head,42.0,
118,557403,left,muscle,1,,
119,1409372,right,motor,2,64.0,
120,1335645,left,inter,head,121.0,
121,2007389,left,inter,1,,4.0
122,1368417,left,muscle,2,,
123,1433958,,,,,
124,1704296,,,,,
125,1450345,right,muscle,3,,
126,1016172,left,motor,1,,
127,1204589,left,ciliated,0,,
128,1409405,,,,,
129,1212800,left,sensory,head,24.0,
130,1597825,,,,,
131,1393034,left,inter,3,,5.0
132,1737105,right,sensory,head,36.0,
133,2294161,,,,,
134,1089948,left,sensory,head,29.0,
135,1335708,,,,,
136,2294176,right,inter,head,,13.0
137,1647016,left,epithelia,2,,
138,1261995,left,inter,head,,
139,1294765,,,,,
140,25010,right,sensory,head,1.0,
141,1434038,,,,,
142,1393083,right,inter,3,,5.0
143,1393089,right,,3,,
144,1499594,left,inter,1,,2.0
145,1417675,left,inter,2,,2.0
146,1663434,right,inter,1,,
147,1409488,,,,,
148,1827286,left,,1,,1.0
149,1319384,right,sensory,head,,
150,2015704,left,sensory,0,94.0,16.0
151,1335777,left,sensory,pygidium,80.0,9.0
152,672228,right,sensory,head,41.0,
153,1524203,right,,3,,
154,2294251,left,inter,head,,13.0
155,1335790,left,sensory,pygidium,,9.0
156,1286644,,,,,
157,1327607,right,sensory,head,30.0,
158,1450492,right,muscle,3,,
159,1335807,left,sensory,pygidium,93.0,9.0
160,1303054,left,,head,,
161,1204752,right,muscle,0,,
162,762387,right,inter,head,,14.0
163,1589782,right,inter,1,,
164,1335832,left,sensory,pygidium,,9.0
165,1409561,right,inter,3,,1.0
166,1770014,right,sensory,0,,16.0
167,1950241,left,sensory,2,,
168,1294885,left,,head,,
169,1335845,left,sensory,pygidium,,9.0
170,1950245,left,inter,2,,
171,1491500,,,,,
172,844338,left,epithelia,1,,
173,746037,right,,head,,
174,1483318,,,,,
175,442961,right,sensory,head,48.0,
176,1417810,right,sensory,head,168.0,
177,1450580,left,inter,1,,
178,705116,right,inter,2,,1.0
179,1294947,right,ciliated,head,,
180,1278565,left,sensory,head,,
181,1057387,left,muscle,2,,
182,1155695,left,sensory,head,29.0,
183,1303153,right,inter,head,,
184,1450610,right,inter,3,,3.0
185,1827444,left,inter,1,,1.0
186,1294966,left,,head,,
187,1491577,right,inter,2,,2.0
188,1409659,right,inter,pygidium,146.0,3.0
189,1434239,,,,,
190,1294978,right,,head,,
191,1278598,left,sensory,pygidium,80.0,9.0
192,1409671,right,inter,pygidium,146.0,3.0
193,1294986,left,motor,1,142.0,
194,2220688,,,,,
195,1278611,right,,,,
196,1327767,right,sensory,head,163.0,
197,1393309,right,muscle,3,,
198,582306,right,muscle,3,,
199,1426084,,,,,
200,1286825,right,inter,head,,
201,1417899,,,,,
202,1950381,left,,1,,
203,1704627,right,inter,head,171.0,
204,1360565,right,sensory,2,81.0,
205,1393334,right,muscle,3,,
206,541367,right,sensory,head,29.0,
207,2015926,left,inter,2,,1.0
208,1278649,right,epithelia,head,,
209,1950393,left,inter,1,,1.0
210,1729214,right,inter,head,,
211,1360579,left,sensory,1,95.0,
212,1721031,,,,,
213,1696456,left,inter,2,155.0,3.0
214,1352396,left,muscle,0,,
215,983759,right,sensory,head,114.0,
216,1639124,left,sensory,0,,18.0
217,180953,right,ciliated,head,,
218,2015966,left,inter,1,,7.0
219,1278688,left,sensory,pygidium,101.0,9.0
220,172769,left,inter,1,78.0,7.0
221,1319649,right,sensory,head,29.0,
222,1630952,left,epithelia,pygidium,,
223,1278697,left,sensory,pygidium,101.0,9.0
224,1319657,right,sensory,head,103.0,
225,74477,left,inter,head,,
226,770802,right,sensory,head,34.0,
227,369396,right,inter,pygidium,72.0,1.0
228,1426168,,,,,
229,1311483,right,inter,head,127.0,
230,1123072,right,sensory,head,173.0,
231,1303297,left,inter,head,,
232,1360640,,,,,
233,1442572,right,motor,1,,
234,1794836,,,,,
235,1950485,left,inter,2,,
236,2016023,,,,,
237,1319704,right,inter,head,,
238,2016028,,,,,
239,115486,left,sensory,head,37.0,
240,1450796,right,inter,2,,1.0
241,942898,left,muscle,1,,
242,1033010,right,muscle,2,,
243,1778482,right,sensory,2,95.0,
244,1278774,left,inter,pygidium,146.0,3.0
245,246584,right,inter,head,6.0,
246,1311558,right,sensory,head,,
247,1753932,right,motor,1,,
248,557901,right,motor,1,162.0,
249,1000272,right,inter,1,,2.0
250,992087,left,ciliated,3,,
251,992096,left,ciliated,3,,
252,2016098,,,,,
253,1352547,,,,,
254,1409892,,,,,
255,1172329,,,,,
256,893804,right,inter,head,,
257,1311597,right,sensory,head,,8.0
258,41848,left,inter,head,126.0,
259,557944,right,inter,head,,12.0
260,992125,right,ciliated,3,,
261,1295231,right,inter,2,,4.0
262,2294656,left,sensory,1,91.0,
263,1328001,right,ciliated,3,,
264,1688455,right,,1,,
265,1950602,right,motor,2,162.0,
266,992139,right,ciliated,3,,
267,1942411,,,,,
268,1377167,left,sensory,2,95.0,
269,1393552,right,inter,2,,3.0
270,2007954,right,inter,2,,3.0
271,1377175,left,sensory,2,95.0,
272,1647512,left,muscle,2,,
273,1704860,left,inter,head,22.0,12.0
274,1565599,left,inter,2,,2.0
275,1377191,left,sensory,1,94.0,
276,1541032,left,motor,2,159.0,
277,295849,right,sensory,head,52.0,
278,1631145,left,sensory,3,95.0,
279,1950633,,,,,
280,1377198,right,sensory,2,94.0,
281,1393583,,,,,
282,1393588,,,,,
283,1278903,left,sensory,pygidium,101.0,9.0
284,328632,right,inter,head,2.0,
285,1418168,,,,,
286,2294716,,,,,
287,1385409,,,,,
288,1172421,,,,,
289,1319881,right,inter,head,,
290,1360843,left,sensory,3,80.0,
291,1311697,right,inter,head,,
292,1655775,right,,1,,
293,1729505,,,,,
294,656354,left,motor,head,,
295,1278947,left,inter,3,,7.0
296,1500133,,,,,
297,1434598,right,motor,pygidium,64.0,
298,1418215,,,,,
299,1336299,left,sensory,2,89.0,
300,1278959,right,inter,3,,4.0
301,1295346,,,,,
302,1516536,left,sensory,3,91.0,
303,1287162,left,sensory,pygidium,,9.0
304,1377274,left,inter,head,,
305,1401852,right,sensory,2,71.0,
306,1360893,left,sensory,2,80.0,
307,1721342,left,sensory,head,32.0,
308,2294784,left,sensory,head,,8.0
309,1336321,right,inter,head,144.0,13.0
310,1467402,right,,,,
311,1410068,,,,,
312,2016279,,,,,
313,1549338,right,epithelia,0,,
314,2016288,,,,,
315,1565731,,,,,
316,943145,left,muscle,1,,
317,1295406,left,inter,1,,
318,1500207,left,inter,2,,3.0
319,1860656,left,inter,2,169.0,3.0
320,1156145,left,sensory,head,29.0,
321,992309,right,ciliated,3,,
322,1344565,right,sensory,pygidium,98.0,9.0
323,1385530,left,epithelia,pygidium,,
324,1410108,,,,,
325,1999932,right,sensory,1,95.0,
326,992318,left,ciliated,3,,
327,476224,right,sensory,head,163.0,
328,1385536,left,epithelia,pygidium,,
329,1975364,left,sensory,2,94.0,
330,1385542,left,epithelia,pygidium,,
331,1360967,right,sensory,pygidium,,9.0
332,2313924,,,,,
333,1590351,right,muscle,3,,
334,1074256,left,sensory,head,13.0,
335,992337,left,ciliated,2,,
336,1279058,,,,,
337,1999956,right,inter,1,,
338,1344599,right,sensory,pygidium,98.0,9.0
339,992344,left,ciliated,2,,
340,1090653,left,sensory,head,29.0,
341,1623138,left,muscle,3,,
342,992355,left,ciliated,2,,
343,1082470,left,inter,1,,1.0
344,1279078,left,motor,3,,
345,1303655,left,inter,head,,
346,590953,right,inter,head,57.0,
347,992365,left,ciliated,2,,
348,1729648,left,motor,2,67.0,
349,1688689,right,sensory,head,100.0,
350,992374,right,ciliated,2,,
351,1393787,left,inter,3,,3.0
352,992383,right,ciliated,2,,
353,1426565,right,inter,1,,2.0
354,1541262,left,inter,2,,
355,992401,right,ciliated,2,,
356,1647763,left,muscle,1,,
357,1336469,,,,,
358,1459349,,,,,
359,1311897,right,inter,head,,
360,1442970,right,sensory,3,89.0,
361,1295517,left,motor,1,63.0,
362,1639584,right,sensory,head,31.0,
363,992419,right,ciliated,2,,
364,992429,left,ciliated,2,,
365,1311918,,,,,
366,189615,right,sensory,head,96.0,
367,320687,left,sensory,head,,
368,992438,right,ciliated,1,,
369,1623227,left,muscle,3,,
370,992446,right,ciliated,1,,
371,1582275,left,inter,1,,4.0
372,992455,left,ciliated,1,,
373,1377483,right,motor,1,,
374,1590476,right,muscle,3,,
375,1860825,,,,,
376,672986,right,inter,head,,
377,1860829,,,,,
378,1410274,right,motor,3,,
379,1484007,left,,3,,3.0
380,1623277,left,muscle,3,,
381,1393903,right,muscle,3,,
382,1410290,right,motor,2,,
383,296186,left,inter,head,,13.0
384,1361146,right,sensory,1,91.0,
385,34044,right,inter,head,2.0,
386,1336580,left,,1,,
387,1828100,left,motor,3,128.0,
388,2008327,left,sensory,2,71.0,
389,361741,left,inter,head,,13.0
390,156947,right,sensory,0,94.0,16.0
391,1279252,left,inter,3,,7.0
392,1361174,left,sensory,1,91.0,
393,1393942,left,inter,3,,3.0
394,1860886,left,inter,head,117.0,12.0
395,1287449,right,inter,head,,12.0
396,1459484,,,,,
397,1598752,left,motor,1,151.0,
398,2008355,right,motor,2,,
399,1729830,right,motor,3,,
400,1328429,right,sensory,head,,15.0
401,1459509,,,,,
402,2008373,,,,,
403,1361208,right,sensory,3,91.0,
404,1410367,,,,,
405,2016575,,,,,
406,1156418,left,sensory,head,163.0,
407,2295109,right,,head,,
408,58694,left,sensory,head,1.0,
409,1361224,left,sensory,3,80.0,
410,1434961,right,sensory,3,71.0,
411,1361239,right,sensory,3,80.0,
412,984413,right,sensory,head,114.0,
413,1328477,left,inter,1,,
414,1328483,left,inter,1,,7.0
415,1303909,left,inter,head,21.0,
416,1680741,right,,1,,
417,2008424,,,,,
418,1361264,left,sensory,pygidium,91.0,9.0
419,1434995,,,,,
420,615803,right,sensory,head,29.0,
421,1402236,,,,,
422,2016638,,,,,
423,1951105,left,motor,1,165.0,
424,1516938,,,,,
425,689547,left,inter,2,,3.0
426,1385867,,,,,
427,1836430,,,,,
428,1631633,left,muscle,2,,
429,1336723,left,sensory,head,24.0,
430,1590675,right,muscle,3,,
431,2008469,left,sensory,2,89.0,
432,181663,left,sensory,head,96.0,
433,1361317,left,inter,head,120.0,
434,1574311,left,muscle,3,,
435,1648045,,,,,
436,1951150,,,,,
437,2033073,,,,,
438,1295794,,,,,
439,1582515,,,,,
440,943540,left,muscle,0,,
441,1312181,right,sensory,head,49.0,
442,2008501,left,,,,
443,804282,right,muscle,1,,
444,1312187,right,sensory,head,97.0,
445,738760,left,sensory,head,88.0,15.0
446,550345,left,sensory,head,29.0,
447,1156554,left,sensory,head,138.0,8.0
448,1820104,,,,,
449,280016,right,inter,2,,
450,1238488,left,muscle,1,,
451,1574360,right,muscle,3,,
452,1549787,left,motor,1,,
453,1517020,left,,2,,
454,1230301,right,muscle,2,,
455,1648091,,,,,
456,1312224,right,inter,head,,
457,2008544,right,motor,2,162.0,
458,1934818,right,inter,3,,1.0
459,525800,left,inter,3,79.0,7.0
460,1525235,left,motor,2,,
461,1574394,right,muscle,3,,
462,58877,left,sensory,head,1.0,
463,1959421,left,inter,2,,1.0
464,1361412,left,sensory,3,80.0,
465,1476102,left,,2,,3.0
466,1787398,,,,,
467,837128,left,sensory,head,31.0,
468,1525257,right,motor,2,62.0,
469,2008588,left,sensory,2,80.0,
470,1279508,right,sensory,pygidium,98.0,9.0
471,2008597,,,,,
472,1541658,right,sensory,pygidium,,9.0
473,1689115,,,,,
474,140828,right,motor,head,85.0,
475,1279518,right,sensory,pygidium,80.0,9.0
476,1312289,right,inter,pygidium,147.0,1.0
477,1279525,right,sensory,pygidium,98.0,9.0
478,26163,right,sensory,head,1.0,
479,1361460,left,sensory,1,80.0,
480,1279543,right,sensory,pygidium,98.0,9.0
481,1353272,,,,,
482,452157,left,sensory,head,129.0,
483,673344,left,sensory,head,141.0,
484,493121,right,inter,2,,7.0
485,1631808,right,muscle,2,,
486,1656387,,,,,
487,1959492,right,sensory,head,,
488,2008640,left,sensory,2,71.0,
489,1361481,left,sensory,1,80.0,
490,1328714,right,sensory,head,29.0,
491,1279563,right,sensory,pygidium,101.0,9.0
492,1377866,right,sensory,head,16.0,
493,1295953,left,inter,2,,3.0
494,1361489,right,sensory,1,91.0,
495,1443411,right,sensory,1,71.0,
496,452180,right,sensory,head,139.0,
497,1459796,right,epithelia,pygidium,,
498,1353303,right,inter,3,,5.0
499,58968,left,sensory,head,1.0,
500,1361497,right,sensory,1,80.0,
501,2008663,left,sensory,2,80.0,
502,1279584,right,muscle,pygidium,,
503,1721958,,,,,
504,1394281,left,sensory,2,91.0,
505,1312363,left,inter,2,177.0,4.0
506,1369708,,,,,
507,2008684,,,,,
508,386671,left,inter,head,58.0,13.0
509,2016881,right,inter,1,,3.0
510,1738354,,,,,
511,1656440,left,inter,1,,3.0
512,2131576,,,,,
513,1123964,right,sensory,head,29.0,
514,1279612,right,muscle,3,,
515,1345150,left,inter,head,,
516,1730175,left,sensory,pygidium,,9.0
517,2016896,left,motor,head,,
518,198277,right,ciliated,head,,
519,1312390,left,inter,3,,7.0
520,1435271,right,muscle,3,,
521,2016902,right,motor,head,,
522,108173,right,inter,head,125.0,
523,575119,right,muscle,2,,
524,1975953,,,,,
525,1640084,left,,,,
526,1943188,,,,,
527,1050266,,,,,
528,1386139,left,inter,3,,4.0
529,1648285,,,,,
530,1582753,,,,,
531,1697442,,,,,
532,1590954,right,muscle,3,,
533,2008748,,,,,
534,1115832,right,inter,head,,
535,1459897,,,,,
536,83642,left,sensory,head,111.0,
537,1386171,,,,,
538,1435324,left,motor,3,,
539,1353407,,,,,
540,1402559,left,sensory,head,163.0,
541,1386177,left,sensory,pygidium,115.0,9.0
542,1656520,left,,1,,
543,1656524,left,,1,,
544,1345237,right,inter,head,,
545,1328854,right,inter,head,171.0,
546,1410776,right,inter,3,,3.0
547,607961,right,ciliated,1,,
548,493278,right,sensory,head,46.0,
549,796391,right,sensory,head,100.0,
550,247535,left,sensory,head,134.0,
551,1320688,,,,,
552,57341,right,sensory,head,33.0,
553,1312505,right,motor,1,,
554,1976063,right,inter,3,,1.0
555,493317,left,inter,head,,
556,1328909,right,sensory,head,,
557,1730319,,,,,
558,1533713,,,,,
559,1591058,left,,2,,
560,1320728,,,,,
561,1435418,left,motor,3,,
562,1500956,right,,2,,
563,1460009,right,inter,pygidium,146.0,3.0
564,1419056,left,sensory,head,137.0,
565,1345331,,,,,
566,1681204,,,,,
567,1607477,right,muscle,2,,
568,1345337,right,motor,2,,
569,1648444,left,muscle,3,,
570,1779518,left,motor,1,,
571,1435458,left,muscle,3,,
572,1312586,right,inter,1,,3.0
573,1419083,right,muscle,3,,
574,1394518,left,muscle,2,,
575,575319,right,ciliated,2,,
576,1427287,left,inter,3,,
577,1558360,right,,0,,
578,1386336,left,inter,3,,7.0
579,1468265,right,motor,2,,
580,1558377,right,,0,,
581,1402736,left,inter,2,,
582,1582964,right,inter,1,,2.0
583,1312647,right,sensory,2,90.0,
584,411531,left,inter,head,57.0,
585,1460107,right,muscle,2,,
586,1378190,right,inter,1,,2.0
587,223119,,,,,
588,1419152,left,sensory,head,112.0,
589,1427342,,,,,
590,1460113,left,motor,3,,
591,542612,right,ciliated,head,,
592,1304469,right,inter,head,126.0,
593,1337238,left,inter,head,118.0,
594,1435540,right,,1,,
595,1173400,right,inter,3,,
596,690083,,,,,
597,1525669,left,inter,2,169.0,3.0
598,1312678,left,inter,1,60.0,7.0
599,1271721,left,inter,head,,
600,1337258,left,inter,head,,12.0
601,608173,right,ciliated,1,,
602,206767,left,ciliated,head,,
603,1673139,left,,2,,
604,190388,,,,,
605,1345461,right,inter,head,152.0,12.0
606,1845175,right,inter,2,,
607,1435591,right,motor,3,,
608,1583047,left,muscle,3,,
609,1755080,left,motor,2,,
610,1337294,left,inter,head,122.0,
611,1378254,,,,,
612,2000850,left,inter,2,154.0,3.0
613,1443798,left,muscle,3,,
614,575448,right,muscle,2,,
615,1320921,left,inter,head,,13.0
616,1312731,left,sensory,1,71.0,
617,1533917,left,,1,,
618,1271778,right,sensory,head,148.0,
619,370662,left,inter,head,57.0,
620,1443817,,,,,
621,1320938,left,inter,head,,
622,1312751,,,,,
623,2000882,left,,2,,
624,1697791,,,,,
625,600071,right,muscle,2,,
626,1329166,left,inter,2,,7.0
627,2000911,left,,3,,
628,1542162,,,,,
629,436248,left,sensory,head,39.0,
630,1280027,right,motor,1,59.0,
631,1370141,,,,,
632,1632286,right,muscle,2,,
633,2033694,,,,,
634,1558573,,,,,
635,1386544,left,,3,,4.0
636,1329204,left,sensory,head,,
637,1411126,right,inter,3,,4.0
638,2017334,,,,,
639,1845305,right,inter,2,,1.0
640,1697854,right,motor,3,62.0,
641,1411136,right,inter,3,,
642,1615940,,,,,
643,1837125,right,sensory,2,80.0,
644,1271884,right,inter,head,,
645,1304654,left,inter,1,109.0,
646,1484878,left,muscle,0,,
647,1525838,,,,,
648,1321044,left,inter,head,,
649,1468500,right,,2,,6.0
650,1370203,right,sensory,3,,
651,1583195,right,inter,1,,6.0
652,1329247,right,inter,head,,
653,1394792,left,sensory,2,80.0,
654,1665129,right,motor,1,,
655,1845358,,,,,
656,2001006,left,motor,2,,
657,1271920,right,inter,head,,
658,1828978,left,inter,2,,3.0
659,813171,left,inter,head,,
660,2017398,,,,,
661,174199,left,sensory,head,92.0,
662,1271928,left,sensory,head,,
663,1493112,,,,,
664,1583223,,,,,
665,1419394,left,,3,,
666,1280134,left,sensory,2,143.0,
667,1427590,,,,,
668,1509512,right,inter,1,,7.0
669,1755270,,,,,
670,1329299,right,inter,head,83.0,7.0
671,1829012,,,,,
672,1403030,,,,,
673,1468567,right,inter,2,,1.0
674,854174,right,inter,head,127.0,
675,1427617,right,inter,2,,4.0
676,960676,,,,,
677,1968292,,,,,
678,1845414,,,,,
679,1345703,left,inter,head,160.0,
680,1484968,left,muscle,2,,
681,174256,right,ciliated,head,,
682,1411256,left,inter,2,,
683,1394876,left,inter,3,,
684,485566,left,sensory,head,113.0,
685,796862,right,sensory,head,29.0,
686,1763522,right,motor,1,156.0,
687,1304775,right,inter,head,21.0,
688,1444039,left,muscle,2,,
689,608460,right,sensory,1,80.0,
690,198864,right,ciliated,head,,
691,1272016,right,,head,,
692,67795,left,inter,head,171.0,
693,1403093,right,muscle,3,,
694,1394905,left,motor,2,62.0,
695,493786,right,inter,head,124.0,12.0
696,1468636,right,motor,2,107.0,
697,1738973,,,,,
698,1730785,left,sensory,2,91.0,
699,1444070,left,muscle,2,,
700,1566960,right,motor,2,159.0,
701,1181940,right,motor,3,61.0,
702,518390,left,epithelia,1,,
703,1427703,right,,1,,
704,1485047,left,muscle,2,,
705,944377,left,muscle,0,,
706,1435899,,,,,
707,1566972,right,muscle,2,,
708,2017535,right,inter,head,,12.0
709,936192,left,ciliated,3,,
710,1427724,,,,,
711,1394963,left,motor,2,106.0,
712,59671,right,sensory,head,1.0,
713,1632536,left,muscle,2,,
714,108826,left,motor,head,85.0,
715,1567002,right,muscle,2,,
716,1730843,right,inter,3,,4.0
717,1239327,left,motor,3,65.0,
718,1648927,left,muscle,2,,
719,780577,right,sensory,head,172.0,
720,370978,right,sensory,pygidium,54.0,9.0
721,1673505,right,muscle,2,,
722,1706274,,,,,
723,10536,left,sensory,head,1.0,
724,575787,right,ciliated,2,,
725,1829164,right,inter,1,150.0,2.0
726,1550645,,,,,
727,837942,left,sensory,head,13.0,
728,1304890,,,,,
729,1419579,,,,,
730,1452348,right,epithelia,pygidium,,
731,1845563,left,inter,2,109.0,
732,1648958,left,muscle,2,,
733,1345862,left,sensory,,167.0,
734,1280329,right,inter,1,,1.0
735,108877,,,,,
736,1567054,left,,2,,
737,35154,right,inter,head,,
738,1730901,left,sensory,head,100.0,15.0
739,1116504,right,sensory,head,,
740,1157465,left,inter,head,,
741,1567066,right,,,,
742,1304924,right,inter,2,79.0,7.0
743,1829214,right,inter,2,154.0,3.0
744,1485154,left,muscle,0,,
745,1460581,,,,,
746,1313126,left,inter,pygidium,146.0,3.0
747,1321320,,,,,
748,1370473,left,inter,head,,
749,1829226,,,,,
750,575853,right,muscle,2,,
751,1599859,,,,,
752,313716,right,inter,head,7.0,
753,1419639,left,inter,1,,2.0
754,1362300,left,inter,3,,3.0
755,1403261,right,inter,1,,2.0
756,1952126,,,,,
757,1304968,right,inter,head,23.0,
758,1304979,right,inter,head,,
759,1477012,,,,,
760,1395094,right,inter,3,,3.0
761,1460631,right,inter,2,,1.0
762,1739164,left,,2,,1.0
763,1304990,right,inter,1,78.0,7.0
764,1952161,left,sensory,2,,
765,1444259,,,,,
766,1952169,,,,,
767,1763759,right,motor,3,159.0,
768,1493426,left,inter,1,,6.0
769,27064,right,sensory,head,1.0,
770,1739198,left,inter,1,158.0,4.0
771,1051076,right,muscle,2,,
772,1026501,right,motor,3,64.0,
773,1337798,right,sensory,3,80.0,
774,518599,left,ciliated,1,,
775,1386950,right,inter,3,,4.0
776,1731014,right,inter,2,,6.0
777,92619,left,inter,head,124.0,12.0
778,1337804,right,sensory,3,91.0,
779,1436108,left,motor,2,165.0,
780,174545,left,ciliated,head,,
781,1329618,left,,,,
782,1386964,left,,3,,
783,1018325,left,inter,1,,4.0
784,1567189,right,motor,2,63.0,
785,1354209,left,inter,2,,1.0
786,207330,left,ciliated,head,,
787,1133028,,,,,
788,1567204,right,muscle,2,,
789,1952229,,,,,
790,1378791,left,inter,1,,5.0
791,2001380,left,inter,2,,1.0
792,2255347,,,,,
793,1731062,right,sensory,3,71.0,
794,1624567,left,inter,2,108.0,
795,584184,left,inter,head,,
796,1411577,right,sensory,head,32.0,
797,2001402,,,,,
798,1214973,left,sensory,head,13.0,
799,1477119,right,motor,2,,
800,1845760,right,sensory,2,71.0,
801,1329666,right,sensory,head,,15.0
802,1321475,right,inter,head,75.0,13.0
803,1427971,left,,,,
804,1690116,right,sensory,2,91.0,
805,1075718,left,sensory,head,27.0,
806,190983,right,inter,head,23.0,
807,2009602,right,inter,2,,3.0
808,1411593,right,sensory,head,32.0,
809,1419787,right,sensory,head,,
810,1296919,right,inter,1,,
811,1714711,right,inter,1,,
812,1280537,right,inter,head,,
813,1411609,right,inter,head,,
814,1460772,right,motor,2,64.0,
815,1215017,right,inter,head,140.0,13.0
816,1968682,left,inter,2,,
817,1411627,left,sensory,head,29.0,
818,1075760,right,sensory,head,13.0,
819,1591857,,,,,
820,1567283,right,muscle,2,,
821,1821239,,,,,
822,1321532,left,inter,head,,12.0
823,1370693,right,inter,0,,1.0
824,1460810,left,muscle,2,,
825,1616478,,,,,
826,1657438,,,,,
827,387680,left,inter,head,,
828,1387104,left,inter,pygidium,147.0,
829,1608290,left,inter,1,,7.0
830,1501795,left,muscle,1,,
831,1616482,left,inter,2,,
832,1845855,right,inter,3,,1.0
833,518764,left,muscle,2,,
834,1616492,right,inter,2,,7.0
835,1501807,left,muscle,1,,
836,1608303,,,,,
837,780915,left,inter,head,,12.0
838,1976948,,,,,
839,1739384,right,motor,1,151.0,
840,1378941,right,muscle,2,,
841,1567361,right,inter,1,,
842,1411715,right,sensory,head,137.0,
843,117385,left,inter,head,53.0,12.0
844,1272459,right,inter,head,117.0,12.0
845,1632907,left,,pygidium,,
846,486036,left,sensory,head,29.0,
847,1354390,left,inter,head,21.0,
848,1501849,right,muscle,0,,
849,60061,left,motor,head,9.0,
850,273055,left,,head,,
851,1338017,left,,1,,
852,1108642,left,sensory,head,13.0,
853,1354406,left,inter,head,120.0,
854,1796774,,,,,
855,1092264,left,sensory,head,103.0,
856,649899,left,inter,head,,
857,346796,right,sensory,head,,8.0
858,1378988,,,,,
859,1354415,,,,,
860,1501871,right,muscle,1,,
861,1125044,left,sensory,head,13.0,
862,1460921,right,inter,2,,
863,1280701,,,,,
864,1731263,left,sensory,3,,
865,2312895,,,,,
866,1321665,right,inter,head,124.0,12.0
867,764615,left,inter,2,,1.0
868,1321672,right,inter,head,123.0,
869,1387208,right,,3,,
870,1403591,,,,,
871,1272523,right,inter,head,,
872,494284,,,,,
873,1485520,,,,,
874,1272534,left,inter,head,,
875,1329884,right,inter,head,,
876,2312931,,,,,
877,1731304,right,inter,1,73.0,7.0
878,1321713,left,motor,head,178.0,
879,2001649,,,,,
880,1796852,,,,,
881,1477378,right,inter,2,,2.0
882,1313540,,,,,
883,1616645,right,inter,3,,1.0
884,1960708,,,,,
885,1403656,left,motor,2,68.0,
886,1329930,left,inter,2,,6.0
887,1608465,,,,,
888,1583898,left,muscle,0,,
889,1354525,right,inter,head,121.0,
890,1649437,left,muscle,1,,
891,1674019,right,inter,2,155.0,3.0
892,1567524,,,,,
893,183077,left,sensory,head,96.0,
894,1436454,left,inter,3,,
895,1960743,,,,,
896,944941,left,ciliated,1,,
897,478001,right,inter,3,,1.0
898,1329970,right,inter,head,,
899,1616689,,,,,
900,1747762,,,,,
901,1420085,left,inter,3,,3.0
902,674618,,inter,head,42.0,
903,1346362,right,inter,head,,
904,1379133,,,,,
905,1690429,right,motor,1,,
906,1313602,right,inter,1,,5.0
907,1567572,right,sensory,2,95.0,
908,1821526,,,,,
909,469848,right,inter,head,,
910,592728,right,muscle,1,,
911,1272664,right,sensory,head,100.0,
912,1436506,right,inter,2,,6.0
913,1395556,left,motor,2,61.0,
914,101233,left,ciliated,head,,
915,1264498,left,inter,head,,12.0
916,1305461,left,inter,1,,2.0
917,248696,left,sensory,head,133.0,
918,11135,left,sensory,head,1.0,
919,1411967,left,epithelia,head,,
920,1354628,right,inter,head,,
921,1584011,left,muscle,2,,
922,1272719,left,sensory,head,100.0,
923,1026962,right,motor,3,65.0,
924,1649555,left,muscle,1,,
925,1305492,left,motor,1,,
926,355224,left,inter,head,23.0,
927,1436570,left,inter,2,180.0,
928,1395614,right,muscle,2,,
929,1837982,right,sensory,2,71.0,
930,1280930,left,motor,2,,
931,1387435,right,motor,3,66.0,
932,1846187,left,inter,1,,4.0
933,1379252,left,,3,,
934,1354681,left,inter,head,,
935,265148,right,sensory,head,134.0,
936,1395647,left,motor,2,64.0,
937,1305540,,,,,
938,1444805,right,,3,,
939,1387465,left,sensory,3,71.0,
940,1420237,right,inter,2,73.0,7.0
941,1756110,,,,,
942,1395664,right,muscle,1,,
943,568273,right,muscle,0,,
944,1387474,left,inter,1,73.0,7.0
945,1453008,left,inter,1,,
946,1117148,right,sensory,head,,11.0
947,1166300,right,motor,1,87.0,
948,568290,right,muscle,1,,
949,1633251,left,muscle,2,,
950,445419,right,inter,pygidium,147.0,1.0
951,1395692,right,muscle,1,,
952,1575931,,,,,
953,1068035,,,,,
954,68613,right,inter,head,3.0,
955,1395717,right,muscle,1,,
956,1616901,,,,,
957,1633288,left,muscle,2,,
958,1387530,left,motor,3,159.0,
959,1420302,left,motor,3,,
960,633874,right,sensory,head,40.0,
961,1395731,right,muscle,1,,
962,2337812,right,sensory,head,,15.0
963,1354776,right,inter,head,,
964,945180,right,inter,2,,3.0
965,1551388,,,,,
966,1797151,,,,,
967,1166368,right,inter,3,,7.0
968,2296864,right,inter,head,,
969,1436707,left,muscle,3,,
970,1281060,right,sensory,head,100.0,
971,1674291,left,motor,1,162.0,
972,1543220,,,,,
973,1420342,left,muscle,3,,
974,19515,right,sensory,head,1.0,
975,715837,right,motor,1,63.0,
976,1797181,left,inter,head,175.0,13.0
977,1436736,left,muscle,3,,
978,1797187,left,inter,head,,13.0
979,1420356,left,muscle,3,,
980,1625158,left,sensory,3,80.0,
981,1387597,left,,2,,
982,1297489,right,motor,1,66.0,
983,1592405,left,muscle,1,,
984,1985623,,,,,
985,1453145,right,,1,,
986,306267,right,ciliated,head,,
987,1297501,left,inter,1,,2.0
988,1387613,right,motor,head,166.0,
989,167009,left,ciliated,head,,
990,1150049,right,,1,,
991,1715298,right,epithelia,head,,
992,1338468,left,inter,head,152.0,12.0
993,289898,left,sensory,head,45.0,
994,961644,right,motor,2,,
995,1272941,left,sensory,head,100.0,15.0
996,1166446,right,sensory,pygidium,98.0,9.0
997,1281133,,,,,
998,1420398,right,muscle,head,,
999,1764464,left,sensory,2,80.0,
1000,1928306,,,,,
1001,2010225,left,inter,2,,3.0
1002,1469561,right,inter,2,,2.0
1003,1551483,right,inter,2,105.0,
1004,1420415,left,motor,1,,
1005,756864,left,inter,head,,
1006,1395840,left,inter,2,,1.0
1007,1731718,right,inter,3,,4.0
1008,1485960,left,muscle,2,,
1009,1281169,right,sensory,head,80.0,
1010,1420440,left,muscle,3,,
1011,1387674,left,inter,3,,
1012,1330333,left,inter,head,,
1013,1485984,left,muscle,1,,
1014,273576,right,sensory,head,133.0,
1015,1420457,left,muscle,3,,
1016,1461417,left,muscle,2,,
1017,1576108,left,muscle,3,,
1018,1854639,right,inter,head,,13.0
1019,1608880,,,,,
1020,1379511,right,inter,2,,6.0
1021,1420472,left,muscle,3,,
1022,1273022,right,sensory,head,20.0,
1023,1576129,left,muscle,3,,
1024,2010309,right,motor,1,,
1025,1346759,left,sensory,head,100.0,
1026,1420496,left,muscle,3,,
1027,1486039,left,muscle,1,,
1028,1420504,left,muscle,3,,
1029,2297049,,,,,
1030,1658076,,,,,
1031,1379550,,,,,
1032,1420510,left,muscle,3,,
1033,1436895,right,inter,3,,
1034,1354979,left,inter,1,73.0,7.0
1035,2010340,right,inter,1,,2.0
1036,1617129,right,inter,2,109.0,
1037,1330410,right,inter,head,,
1038,1740016,,,,,
1039,1420530,right,muscle,3,,
1040,1600760,right,inter,1,79.0,7.0
1041,1420539,right,muscle,2,,
1042,1404156,,,,,
1043,486654,right,sensory,head,136.0,
1044,1092863,left,sensory,head,29.0,
1045,175367,left,ciliated,head,,
1046,1395980,left,motor,1,,
1047,27917,right,sensory,head,1.0,
1048,1412365,,,,,
1049,1600781,,,,,
1050,1051922,right,muscle,3,,
1051,945427,left,muscle,1,,
1052,1854746,right,motor,1,,
1053,1953050,left,motor,2,161.0,
1054,298270,left,sensory,head,41.0,
1055,1633569,left,muscle,2,,
1056,1518882,,,,,
1057,1346858,left,inter,head,,
1058,1273131,right,inter,head,160.0,
1059,1445167,right,,2,,
1060,1953072,,,,,
1061,1281333,right,sensory,head,100.0,
1062,1486136,left,inter,2,,4.0
1063,1977656,,,,,
1064,1600828,right,inter,2,,6.0
1065,1273155,left,sensory,head,40.0,
1066,1600836,right,inter,1,,4.0
1067,1355081,right,motor,2,106.0,
1068,1330509,right,sensory,head,25.0,
1069,1789261,right,inter,head,,12.0
1070,118101,right,sensory,head,37.0,
1071,798041,right,inter,head,76.0,
1072,1559897,right,muscle,2,,
1073,1314140,right,inter,2,,6.0
1074,1412448,,,,,
1075,1305955,left,muscle,1,,
1076,1396068,left,inter,1,,
1077,1437030,right,inter,3,79.0,7.0
1078,1674603,,,,,
1079,1338735,right,sensory,2,80.0,
1080,1363312,right,inter,head,120.0,
1081,1731953,right,inter,2,157.0,7.0
1082,1363316,left,inter,head,,
1083,1813880,right,motor,2,,
1084,568702,right,muscle,1,,
1085,445828,left,inter,2,79.0,7.0
1086,568710,right,muscle,1,,
1087,1224072,left,sensory,head,49.0,
1088,1281424,left,inter,pygidium,146.0,3.0
1089,1559953,right,muscle,1,,
1090,1617305,,,,,
1091,1404314,right,muscle,0,,
1092,707997,left,inter,3,,7.0
1093,1306016,right,sensory,head,,
1094,1756581,right,sensory,2,91.0,
1095,454054,left,sensory,head,29.0,
1096,1486247,right,motor,2,64.0,
1097,1609129,left,inter,1,,
1098,1412525,,,,,
1099,183731,right,ciliated,head,,
1100,1281473,right,inter,2,,3.0
1101,1404358,right,muscle,1,,
1102,1412560,right,inter,2,73.0,7.0
1103,1592784,right,muscle,1,,
1104,11731,left,sensory,head,1.0,
1105,1355223,right,inter,2,,1.0
1106,1404375,right,,1,,
1107,1650135,left,,head,,
1108,1404382,left,,1,,
1109,1052127,right,motor,3,,
1110,1412575,right,sensory,1,101.0,
1111,1953248,,,,,
1112,1371619,right,inter,head,116.0,
1113,1404388,right,muscle,1,,
1114,708069,right,,2,,
1115,1576419,,,,,
1116,1928680,right,inter,head,,12.0
1117,1453547,right,inter,1,,7.0
1118,1789424,left,inter,head,,
1119,1625586,left,muscle,2,,
1120,1732095,left,inter,2,73.0,7.0
1121,1830400,,,,,
1122,1576450,left,muscle,3,,
1123,1338884,left,inter,2,,6.0
1124,1732104,,,,,
1125,1273359,left,inter,head,21.0,
1126,1732111,right,motor,head,84.0,
1127,839186,left,sensory,head,,
1128,1306131,right,sensory,head,13.0,
1129,2338322,,,,,
1130,85530,left,inter,head,10.0,
1131,1486363,right,motor,2,64.0,
1132,1322525,left,inter,head,,
1133,1732125,left,inter,head,,14.0
1134,1306147,right,sensory,head,,
1135,1338917,left,motor,1,66.0,
1136,1855014,left,inter,1,,3.0
1137,1068584,right,sensory,head,13.0,
1138,519721,left,muscle,2,,
1139,1273386,,,,,
1140,1306155,right,sensory,head,,
1141,1478193,left,,2,,
1142,1928754,right,inter,head,,12.0
1143,192051,right,sensory,head,88.0,15.0
1144,1388085,left,,3,,
1145,1297975,left,motor,2,64.0,
1146,347709,right,inter,head,,
1147,1379902,right,,2,,
1148,1797698,right,motor,3,,
1149,1396291,,,,,
1150,1920579,left,inter,2,79.0,7.0
1151,1846855,right,inter,3,79.0,7.0
1152,208456,left,ciliated,head,,
1153,1003081,left,sensory,head,100.0,15.0
1154,1592906,right,muscle,1,,
1155,593488,right,muscle,0,,
1156,1437264,,,,,
1157,1445460,left,,3,,
1158,1461846,right,inter,2,,3.0
1159,1732185,right,muscle,2,,
1160,1322586,right,inter,head,,
1161,1396320,right,inter,2,,3.0
1162,1076839,left,ciliated,head,,
1163,1437289,,,,,
1164,708202,left,inter,3,74.0,7.0
1165,1453675,right,,3,,
1166,1355372,left,motor,head,19.0,
1167,1396335,right,motor,1,,
1168,1592945,right,muscle,1,,
1169,1617521,left,,3,,
1170,1314425,left,inter,head,119.0,
1171,1576570,,,,,
1172,1584762,right,muscle,1,,
1173,1830524,left,inter,1,,3.0
1174,1339008,left,motor,2,,
1175,708228,left,inter,2,79.0,7.0
1176,1306246,left,,0,,
1177,1846918,left,motor,3,,
1178,503432,left,inter,head,,
1179,2018953,,,,,
1180,2313870,,,,,
1181,1330831,right,inter,head,,
1182,1339023,right,inter,2,177.0,4.0
1183,1633938,left,muscle,2,,
1184,1322645,left,sensory,head,,
1185,1347222,right,epithelia,pygidium,,
1186,1396374,right,inter,1,,3.0
1187,1224344,left,ciliated,0,,
1188,1404567,left,inter,1,150.0,2.0
1189,2313882,left,inter,pygidium,147.0,1.0
1190,1306268,right,sensory,head,13.0,
1191,1379998,left,,2,,
1192,1658527,right,,2,,
1193,421537,right,,,,
1194,1732257,right,inter,3,,3.0
1195,1355427,right,sensory,head,,
1196,1158821,right,sensory,head,,
1197,1633963,left,muscle,2,,
1198,1830577,,,,,
1199,298685,left,sensory,head,,
1200,1347263,right,sensory,pygidium,98.0,9.0
1201,1306304,,,,,
1202,1461953,left,motor,2,64.0,
1203,1486527,left,muscle,3,,
1204,77507,left,sensory,head,18.0,
1205,1609407,left,,1,,
1206,1633987,left,muscle,2,,
1207,1593030,right,muscle,1,,
1208,1371847,right,inter,head,,
1209,1339080,left,epithelia,3,,
1210,1732295,right,inter,3,154.0,3.0
1211,1846984,,,,,
1212,1306315,left,ciliated,0,,
1213,1732300,right,inter,pygidium,145.0,1.0
1214,1584845,right,muscle,1,,
1215,1928908,,,,,
1216,1339088,left,sensory,3,95.0,
1217,1273554,left,inter,head,,
1218,1732307,right,,2,,
1219,1568469,right,muscle,1,,
1220,192214,right,sensory,head,100.0,15.0
1221,1273563,left,inter,head,,
1222,1928926,right,motor,1,,
1223,1732322,left,inter,3,,3.0
1224,331495,right,inter,head,,
1225,2010859,right,inter,2,,3.0
1226,1306349,right,sensory,1,81.0,
1227,77552,left,sensory,head,114.0,
1228,1732338,left,inter,2,155.0,3.0
1229,1830642,right,motor,2,,
1230,1478389,left,epithelia,3,,
1231,167671,left,sensory,head,33.0,
1232,1568505,right,muscle,0,,
1233,1347325,,,,,
1234,1732349,left,sensory,2,81.0,
1235,1486591,left,muscle,3,,
1236,519936,left,muscle,3,,
1237,192257,right,sensory,head,88.0,15.0
1238,1453826,left,,3,,
1239,1617669,right,muscle,2,,
1240,1421064,right,inter,3,79.0,7.0
1241,1363722,left,,1,,
1242,1371922,right,inter,1,105.0,
1243,1715988,,,,,
1244,1224471,left,,1,,
1245,1568536,right,muscle,1,,
1246,2002715,,,,,
1247,1625884,left,muscle,2,,
1248,1568544,right,muscle,1,,
1249,2010915,right,inter,2,176.0,6.0
1250,1486628,left,muscle,3,,
1251,1568555,right,muscle,0,,
1252,1339180,left,inter,3,,
1253,896817,right,inter,head,,
1254,2010932,,,,,
1255,1380150,right,inter,1,,4.0
1256,1486647,left,muscle,3,,
1257,1314620,left,muscle,2,,
1258,44863,left,sensory,head,172.0,
1259,2019137,right,inter,head,,13.0
1260,192323,right,sensory,head,88.0,15.0
1261,1732420,left,inter,head,,
1262,1027911,left,muscle,2,,
1263,1560393,left,inter,head,12.0,
1264,1027917,left,muscle,3,,
1265,1347407,left,inter,2,,7.0
1266,1355602,,,,,
1267,12115,left,sensory,head,1.0,
1268,1027923,left,muscle,3,,
1269,1363796,left,sensory,1,71.0,
1270,585558,left,inter,2,,
1271,1568596,left,muscle,1,,
1272,1331032,right,inter,head,21.0,
1273,1732439,left,inter,head,,
1274,257885,right,inter,head,7.0,
1275,1281886,left,sensory,head,131.0,
1276,1453917,,,,,
1277,1732448,left,inter,head,55.0,12.0
1278,1716071,,,,,
1279,110442,,,,,
1280,1781610,,,,,
1281,1855339,right,inter,0,,1.0
1282,1814382,right,,1,,
1283,1568623,right,muscle,1,,
1284,1929075,,,,,
1285,1396596,left,motor,3,64.0,
1286,1920885,right,motor,2,,
1287,1585014,right,muscle,1,,
1288,1027959,left,muscle,3,,
1289,1306490,left,inter,head,,
1290,1978235,,,,,
1291,987008,right,inter,1,77.0,7.0
1292,1462145,left,motor,1,,
1293,1699713,left,sensory,3,91.0,
1294,1937281,left,inter,2,,4.0
1295,1027978,left,muscle,2,,
1296,1281939,left,sensory,head,20.0,
1297,1372056,left,sensory,0,,
1298,1281947,,,,,
1299,1748893,,,,,
1300,77730,left,sensory,head,114.0,
1301,429993,left,sensory,head,31.0,
1302,380842,right,inter,head,,13.0
1303,1322922,,,,,
1304,1314734,right,inter,head,21.0,
1305,1437617,left,inter,1,,7.0
1306,192436,right,sensory,head,100.0,15.0
1307,1224630,left,inter,head,122.0,
1308,954295,right,inter,1,,7.0
1309,1699767,left,inter,3,,1.0
1310,593849,right,muscle,1,,
1311,1757115,right,motor,2,159.0,
1312,1486784,left,muscle,1,,
1313,1626051,left,muscle,2,,
1314,1281988,left,inter,head,,
1315,1363909,left,,2,,
1316,135113,left,inter,2,,
1317,577483,right,inter,3,105.0,
1318,1355728,left,inter,1,,3.0
1319,1462225,left,inter,2,,1.0
1320,1126354,left,sensory,head,13.0,
1321,888787,right,muscle,1,,
1322,1847252,left,sensory,0,167.0,
1323,1101784,left,sensory,head,13.0,
1324,774105,right,inter,head,55.0,12.0
1325,1306584,left,inter,head,56.0,12.0
1326,1486810,left,muscle,1,,
1327,1298402,left,ciliated,2,,
1328,1396714,left,muscle,1,,
1329,1306608,left,inter,2,,6.0
1330,1339377,left,inter,1,105.0,
1331,1462261,left,ciliated,3,,
1332,1077241,left,sensory,head,13.0,
1333,1298426,left,motor,1,59.0,
1334,1429497,,,,,
1335,1429504,,,,,
1336,1339394,,,,,
1337,462854,,,,,
1338,1396746,,,,,
1339,1568781,right,muscle,1,,
1340,1462290,left,inter,2,,1.0
1341,1396762,left,muscle,1,,
1342,1568802,left,muscle,1,,
1343,1216549,right,motor,3,69.0,
1344,1650725,right,inter,1,,1.0
1345,290858,right,sensory,head,111.0,
1346,1298484,left,inter,3,,3.0
1347,1396790,left,inter,3,,3.0
1348,1077309,right,sensory,head,27.0,
1349,1699907,,,,,
1350,1388614,left,sensory,3,89.0,
1351,1560655,left,inter,head,,12.0
1352,1265745,left,inter,head,,
1353,192595,right,sensory,head,88.0,15.0
1354,577621,right,ciliated,3,,
1355,1732697,right,inter,0,73.0,7.0
1356,1372259,,,,,
1357,1486952,,,,,
1358,1388649,left,sensory,3,80.0,
1359,1847405,left,,2,,
1360,1314929,left,inter,3,,5.0
1361,774258,left,,head,,
1362,1691763,left,sensory,3,71.0,
1363,1388660,left,sensory,3,89.0,
1364,1298552,left,sensory,head,97.0,
1365,364674,right,inter,head,174.0,
1366,1355911,right,sensory,head,,
1367,1421448,left,muscle,1,,
1368,1609864,right,sensory,2,71.0,
1369,168075,left,ciliated,head,,
1370,1568912,left,muscle,head,,
1371,1626256,,,,,
1372,1396899,right,muscle,3,,
1373,1618091,right,inter,pygidium,146.0,3.0
1374,1274031,right,sensory,pygidium,80.0,9.0
1375,1241266,right,motor,3,64.0,
1376,1396918,right,muscle,3,,
1377,1585339,right,muscle,1,,
1378,1773755,,,,,
1379,1364158,left,inter,3,79.0,7.0
1380,1380543,right,inter,3,,1.0
1381,1470654,left,inter,head,140.0,13.0
1382,1274053,left,sensory,pygidium,101.0,9.0
1383,1462469,,,,,
1384,1323208,left,sensory,head,,
1385,1700043,left,motor,3,,
1386,1667277,right,,1,,
1387,1560783,right,inter,2,155.0,3.0
1388,2011343,,,,,
1389,1315028,right,muscle,3,,
1390,766165,left,sensory,head,34.0,
1391,1339608,left,inter,head,153.0,12.0
1392,397532,left,ciliated,head,,
1393,1847524,,,,,
1394,1347815,left,inter,1,,3.0
1395,1700071,,,,,
1396,1306859,right,inter,1,,4.0
1397,422125,left,inter,1,77.0,7.0
1398,1585394,right,muscle,1,,
1399,1388788,right,inter,3,,1.0
1400,1446136,left,,1,,
1401,1421566,left,motor,3,,
1402,1118465,left,sensory,head,13.0,
1403,1364226,right,motor,1,162.0,
1404,1585416,left,,1,165.0,
1405,1249546,left,motor,2,64.0,
1406,1446155,,,,,
1407,1339663,left,muscle,0,,
1408,463126,left,sensory,head,,
1409,1626390,right,inter,2,,6.0
1410,2306326,right,inter,3,,
1411,1306906,right,inter,head,,
1412,1397020,right,,head,,
1413,1265951,left,inter,head,171.0,
1414,151847,left,sensory,head,1.0,
1415,1028395,right,muscle,3,,
1416,110892,left,inter,1,,1.0
1417,192812,right,sensory,head,88.0,15.0
1418,1446191,right,inter,2,,1.0
1419,1487151,right,,3,,
1420,1405233,left,muscle,head,,
1421,1601839,left,muscle,2,,
1422,1331507,right,sensory,head,32.0,
1423,1028407,right,muscle,3,,
1424,1569080,left,muscle,3,,
1425,143674,left,ciliated,head,,
1426,241978,right,sensory,head,5.0,
1427,1569091,left,muscle,3,,
1428,1659211,,,,,
1429,1544524,left,sensory,head,31.0,
1430,1405261,left,muscle,0,,
1431,1569102,left,muscle,3,,
1432,201048,right,,head,,
1433,1364315,right,motor,1,161.0,
1434,1487196,left,inter,2,,
1435,1339741,left,muscle,1,,
1436,1569125,left,muscle,3,,
1437,1339753,left,muscle,1,,
1438,1741164,,,,,
1439,1683821,left,inter,3,,1.0
1440,1069423,left,sensory,head,13.0,
1441,1397111,right,sensory,head,,
1442,1282428,left,sensory,head,32.0,
1443,1315203,right,sensory,head,29.0,
1444,962948,right,inter,2,,7.0
1445,1405317,left,,head,,
1446,1323402,left,sensory,head,,
1447,160141,right,sensory,head,88.0,15.0
1448,520593,left,muscle,1,,
1449,1356178,left,inter,2,,4.0
1450,1429907,,,,,
1451,1470866,,,,,
1452,1839508,right,inter,2,,1.0
1453,1405336,left,muscle,0,,
1454,1298844,left,sensory,head,25.0,
1455,594344,right,muscle,2,,
1456,1298856,left,inter,head,,
1457,1593769,,,,,
1458,1855915,left,inter,head,,12.0
1459,1683885,right,inter,2,,3.0
1460,1380795,right,muscle,3,,
1461,1855933,left,inter,head,,12.0
1462,1315271,right,sensory,head,29.0,
1463,1847754,left,sensory,2,95.0,
1464,1405391,,,,,
1465,1298898,left,inter,head,116.0,
1466,2027988,,,,,
1467,1626582,left,muscle,1,,
1468,1405399,right,inter,1,,2.0
1469,414173,,,,,
1470,1356253,left,inter,head,,
1471,1364445,left,inter,1,79.0,7.0
1472,1380835,right,muscle,3,,
1473,1274342,,,,,
1474,1929705,,,,,
1475,1380843,right,muscle,1,,
1476,45548,left,inter,head,23.0,
1477,1282544,,,,,
1478,1446384,left,,3,,
1479,1487347,,,,,
1480,430600,left,sensory,head,,
1481,1446409,,,,,
1482,1847818,left,sensory,2,95.0,
1483,1421839,left,motor,3,62.0,
1484,184848,right,ciliated,head,,
1485,1323536,left,sensory,head,,
1486,1692181,,,,,
1487,1282582,right,inter,head,,
1488,193047,right,sensory,head,88.0,15.0
1489,1552918,right,,2,,
1490,954910,right,motor,3,68.0,
1491,537119,left,inter,head,,
1492,537125,left,sensory,head,130.0,
1493,1364517,left,sensory,pygidium,80.0,9.0
1494,1380903,left,inter,3,,
1495,1397285,right,inter,3,,3.0
1496,1675823,right,sensory,1,,
1497,520755,left,muscle,1,,
1498,1421893,left,inter,2,,3.0
1499,1274440,left,inter,3,,1.0
1500,1725002,left,inter,1,,4.0
1501,1397326,right,inter,3,,3.0
1502,1839707,,,,,
1503,1307230,right,sensory,1,94.0,
1504,1331806,left,inter,head,,
1505,184928,right,ciliated,head,,
1506,1397346,left,inter,3,,2.0
1507,1323621,right,motor,3,107.0,
1508,1348199,left,inter,head,,
1509,1397352,left,inter,2,,
1510,1741418,left,motor,1,64.0,
1511,1913451,right,,2,,
1512,1741422,left,motor,1,64.0,
1513,1307247,right,sensory,1,94.0,
1514,1299058,right,inter,head,,
1515,1446515,right,inter,3,,
1516,1274485,left,inter,3,,
1517,1675901,left,inter,1,,4.0
1518,111231,right,inter,head,,12.0
1519,1626756,left,muscle,1,,
1520,1979013,,,,,
1521,2003588,,,,,
1522,1438343,right,,3,146.0,3.0
1523,119436,right,inter,head,53.0,12.0
1524,1028750,left,muscle,2,,
1525,1274514,,,,,
1526,1323673,,,,,
1527,1397402,,,,,
1528,1700509,,,,,
1529,1913503,,,,,
1530,1454752,left,muscle,2,,
1531,1446561,left,inter,2,,3.0
1532,21156,,,,,
1533,1323687,right,,3,,
1534,1831596,left,motor,2,64.0,
1535,1413805,right,inter,2,,3.0
1536,955074,right,motor,2,61.0,
1537,1823435,,,,,
1538,37580,right,inter,head,2.0,
1539,1381077,right,muscle,2,,
1540,1381082,,,,,
1541,1413851,,,,,
1542,1823451,right,epithelia,3,,
1543,488162,left,sensory,head,114.0,
1544,1585890,right,muscle,1,,
1545,1741539,right,inter,2,,
1546,660198,,,,,
1547,1274603,right,inter,pygidium,146.0,3.0
1548,1372913,left,motor,2,107.0,
1549,1725169,right,inter,2,,7.0
1550,1340149,,,,,
1551,1381112,right,muscle,2,,
1552,979707,left,muscle,1,,
1553,1323773,left,inter,2,,2.0
1554,1454846,left,inter,head,,
1555,119551,,,,,
1556,1831679,left,motor,2,66.0,
1557,463617,left,sensory,head,148.0,
1558,1381127,left,sensory,3,71.0,
1559,1356560,left,inter,head,,
1560,1397520,,,,,
1561,1692432,,,,,
1562,1913626,,,,,
1563,1323803,,,,,
1564,1536795,,,,,
1565,1405726,left,inter,2,,7.0
1566,1856288,left,inter,1,,1.0
1567,1364769,right,sensory,head,97.0,
1568,1135395,right,motor,3,128.0,
1569,1626922,left,muscle,1,,
1570,1815347,,,,,
1571,1323828,left,inter,3,,
1572,1389371,left,inter,3,,1.0
1573,1299267,left,sensory,head,17.0,
1574,1307459,right,,2,,
1575,1667913,right,,2,64.0,
1576,54090,right,inter,head,57.0,
1577,1274699,,,,,
1578,1454932,right,inter,2,,7.0
1579,2339675,,,,,
1580,1831781,,,,,
1581,1307494,,,,,
1582,1323882,right,inter,3,,3.0
1583,1438573,,,,,
1584,1528697,right,motor,3,,
1585,1569660,right,inter,1,149.0,7.0
1586,1586046,,,,,
1587,1307524,right,motor,2,67.0,
1588,144261,left,motor,pygidium,82.0,
1589,1348484,right,motor,2,65.0,
1590,1397639,right,inter,3,,3.0
1591,1373064,left,inter,head,,
1592,1381260,,,,,
1593,1405840,right,inter,2,,6.0
1594,1954706,,,,,
1595,1282965,right,sensory,head,100.0,15.0
1596,1430426,right,inter,head,124.0,12.0
1597,2012071,,,,,
1598,1282984,right,,head,,
1599,1389486,,,,,
1600,1274799,right,motor,1,142.0,
1601,1282992,left,,head,,
1602,1643440,left,,1,,
1603,1282998,left,,head,,
1604,1848249,left,motor,2,,
1605,1471420,left,sensory,head,,10.0
1606,1274820,left,inter,2,,7.0
1607,1594313,right,sensory,pygidium,93.0,9.0
1608,1635279,left,inter,head,,12.0
1609,1414103,,,,,
1610,250842,right,sensory,head,39.0,
1611,1430491,left,inter,3,,2.0
1612,1438682,left,inter,2,,7.0
1613,1323997,,,,,
1614,1471450,left,inter,head,,
1615,1422303,left,inter,3,,5.0
1616,1348581,left,muscle,2,,
1617,1029097,left,muscle,2,,
1618,955370,right,inter,2,,3.0
1619,1283053,right,sensory,head,96.0,
1620,1340398,right,inter,1,,1.0
1621,660463,left,sensory,head,,
1622,1397746,left,muscle,2,,
1623,1356793,left,muscle,2,,
1624,1700859,left,sensory,3,91.0,
1625,939008,left,muscle,3,,
1626,1397762,left,muscle,2,,
1627,758789,left,sensory,head,,
1628,1348615,right,,1,,
1629,1307663,right,inter,head,140.0,13.0
1630,1586199,right,muscle,1,,
1631,1332248,right,inter,head,,
1632,1971227,right,motor,2,,
1633,1733661,,,,,
1634,1258527,left,inter,head,,
1635,1520675,left,inter,2,,1.0
1636,1332260,right,inter,head,120.0,
1637,1659941,left,,2,,
1638,1963046,,,,,
1639,1373224,right,,3,,
1640,1348649,left,sensory,1,80.0,
1641,1725480,right,inter,2,,7.0
1642,1840169,right,inter,3,,
1643,308269,right,sensory,head,129.0,
1644,1348661,left,sensory,1,91.0,
1645,1397815,left,muscle,1,,
1646,1971259,left,motor,3,107.0,
1647,1414213,left,motor,3,69.0,
1648,1455178,left,inter,1,,2.0
1649,1324107,right,inter,3,,7.0
1650,1700942,left,sensory,3,91.0,
1651,357455,right,inter,head,,
1652,1455183,,,,,
1653,1340501,right,inter,2,79.0,7.0
1654,758871,right,inter,2,,2.0
1655,1332314,right,inter,head,120.0,
1656,1373277,,,,,
1657,390240,right,sensory,0,167.0,
1658,1307745,left,inter,head,,12.0
1659,1946723,,,,,
1660,1578084,right,inter,head,,
1661,1307754,,,,,
1662,1397866,,,,,
1663,1594476,,,,,
1664,1356912,right,muscle,head,,
1665,2028656,left,,2,,
1666,1340536,,,,,
1667,1602680,right,inter,1,,3.0
1668,1545339,right,muscle,2,,
1669,1381501,left,inter,2,,2.0
1670,1447037,left,motor,3,156.0,
1671,1397887,left,inter,1,,2.0
1672,1586304,right,muscle,1,,
1673,1275010,left,muscle,3,,
1674,1299586,right,inter,head,118.0,
1675,1717380,left,inter,1,,
1676,1545349,left,inter,3,73.0,7.0
1677,1651849,right,,1,,
1678,668812,left,sensory,pygidium,170.0,9.0
1679,1332367,right,sensory,head,32.0,
1680,1455247,left,,2,,
1681,1275026,left,sensory,pygidium,101.0,9.0
1682,13459,left,sensory,head,1.0,
1683,2233503,,,,,
1684,1348770,right,sensory,1,80.0,
1685,1332389,right,inter,head,120.0,
1686,365738,,,,,
1687,1356971,right,inter,head,,13.0
1688,1275053,left,sensory,pygidium,101.0,9.0
1689,2028720,left,motor,2,128.0,
1690,185521,right,inter,1,,2.0
1691,1815732,right,motor,2,,
1692,1356982,right,sensory,1,91.0,
1693,1635512,left,muscle,3,,
1694,324793,right,sensory,head,100.0,
1695,2233530,,,,,
1696,1397950,,,,,
1697,177343,right,sensory,head,92.0,
1698,1086656,left,inter,head,,
1699,1316038,left,inter,head,,
1700,1381575,right,inter,3,,1.0
1701,111828,right,inter,head,,
1702,1414358,left,muscle,3,,
1703,1250520,left,inter,2,,3.0
1704,1635545,left,muscle,3,,
1705,185562,right,sensory,head,96.0,
1706,578783,right,ciliated,3,,
1707,414949,right,inter,head,104.0,
1708,1316070,left,sensory,head,49.0,
1709,1340647,right,inter,head,,
1710,1357032,,,,,
1711,1971433,left,inter,3,,7.0
1712,857325,right,inter,head,126.0,
1713,1365232,left,inter,1,149.0,7.0
1714,1414384,left,muscle,3,,
1715,275699,left,sensory,head,41.0,
1716,709878,right,ciliated,head,,
1717,1430776,,,,,
1718,1504505,right,muscle,2,,
1719,1971452,right,inter,2,,
1720,1275135,right,sensory,pygidium,115.0,9.0
1721,1971464,right,inter,2,,6.0
1722,1316107,right,sensory,head,,
1723,1447180,right,motor,3,62.0,
1724,1848592,left,sensory,2,80.0,
1725,1520916,,,,,
1726,193819,right,sensory,head,100.0,15.0
1727,1381662,left,motor,2,165.0,
1728,1340703,right,inter,head,,
1729,1430816,,,,,
1730,1316130,left,inter,head,,
1731,1725737,left,inter,1,,5.0
1732,1357100,,,,,
1733,1447217,,,,,
1734,1504562,right,muscle,3,,
1735,1717565,left,inter,head,,
1736,1520958,left,inter,2,,7.0
1737,1488194,right,inter,2,73.0,7.0
1738,1455427,left,muscle,2,,
1739,111948,right,inter,head,,12.0
1740,1299789,right,ciliated,2,,
1741,1627479,left,inter,head,,
1742,1185115,right,inter,head,21.0,
1743,1275230,left,inter,3,,7.0
1744,2233700,left,inter,1,,
1745,1348968,right,sensory,0,101.0,16.0
1746,505193,left,,2,,
1747,1275243,left,inter,3,,1.0
1748,2282861,,,,,
1749,1357166,right,inter,1,,1.0
1750,800116,left,,1,,
1751,1545589,right,muscle,2,,
1752,1308022,left,inter,1,,4.0
1753,505209,left,inter,3,,1.0
1754,1414526,,,,,
1755,431489,right,sensory,head,29.0,
1756,1381761,,,,,
1757,1340805,left,inter,head,124.0,12.0
1758,1349004,right,sensory,3,80.0,
1759,1406349,left,sensory,head,,
1760,1750414,right,,3,,
1761,1349009,right,sensory,3,91.0,
1762,1455507,left,muscle,2,,
1763,316821,right,sensory,head,45.0,
1764,1185175,left,inter,head,,12.0
1765,1381788,,,,,
1766,1488284,right,inter,2,155.0,3.0
1767,1349023,right,sensory,3,80.0,
1768,1349034,right,sensory,pygidium,101.0,9.0
1769,1349040,left,sensory,3,101.0,
1770,1160628,right,sensory,head,41.0,
1771,423355,left,motor,2,,
1772,1349051,left,sensory,3,80.0,
1773,1381820,right,inter,3,,
1774,1971650,right,motor,2,64.0,
1775,1856971,left,inter,head,,12.0
1776,1455565,left,muscle,2,,
1777,1349072,left,sensory,1,80.0,
1778,1652177,right,inter,1,158.0,4.0
1779,1349077,left,sensory,1,91.0,
1780,1545686,right,muscle,1,,
1781,1275357,left,sensory,pygidium,80.0,9.0
1782,1398237,,,,,
1783,1390047,left,inter,3,79.0,7.0
1784,1455582,left,sensory,head,32.0,
1785,1340899,right,inter,3,,1.0
1786,1684965,left,motor,2,159.0,
1787,1324518,left,sensory,pygidium,80.0,9.0
1788,1275367,left,inter,pygidium,146.0,3.0
1789,1316332,right,inter,head,,
1790,1381871,left,muscle,3,,
1791,1242615,,,,,
1792,292344,,,,,
1793,1349113,right,sensory,0,101.0,16.0
1794,1381884,left,muscle,3,,
1795,1324546,left,sensory,head,88.0,15.0
1796,1381896,left,muscle,3,,
1797,1578507,right,motor,2,,
1798,1742351,,,,,
1799,1480211,right,inter,1,,4.0
1800,1070612,right,sensory,head,13.0,
1801,1570324,left,muscle,1,,
1802,1406486,,,,,
1803,1390105,,,,,
1804,1488411,left,motor,1,64.0,
1805,1422884,left,inter,3,,3.0
1806,1652260,left,muscle,1,,
1807,1799719,,,,,
1808,1324587,left,sensory,head,88.0,15.0
1809,1381937,left,muscle,1,,
1810,1463859,left,muscle,3,,
1811,1324600,right,sensory,pygidium,101.0,9.0
1812,1463866,left,muscle,3,,
1813,1332795,,,,,
1814,1480250,,,,,
1815,1570363,left,muscle,1,,
1816,1963581,,,,,
1817,153151,right,sensory,head,100.0,
1818,1381952,right,muscle,2,,
1819,1300035,left,inter,head,,
1820,824903,right,inter,0,,1.0
1821,423498,left,sensory,head,110.0,
1822,71248,right,inter,head,3.0,
1823,2242135,,,,,
1824,1316451,left,sensory,head,,
1825,1554019,right,motor,head,178.0,
1826,169574,right,inter,1,,
1827,366190,right,inter,head,124.0,12.0
1828,1824372,left,motor,2,64.0,
1829,1947255,left,inter,2,155.0,3.0
1830,54909,left,inter,head,,12.0
1831,1275518,left,inter,head,,14.0
1832,587391,right,muscle,1,,
1833,513668,,,,,
1834,54919,right,inter,head,,
1835,22159,left,inter,head,2.0,
1836,988822,right,motor,head,178.0,
1837,284315,right,motor,head,8.0,
1838,1365661,left,inter,head,75.0,13.0
1839,1447581,,,,,
1840,1472173,,,,,
1841,1611442,left,inter,2,,2.0
1842,259763,right,inter,1,,
1843,1316531,left,inter,head,,
1844,1308347,left,inter,1,,7.0
1845,1357500,,,,,
1846,1455810,,,,,
1847,1275595,right,inter,head,,
1848,1341140,right,inter,3,,1.0
1849,1316572,left,inter,head,140.0,13.0
1850,1832672,right,motor,1,64.0,
1851,1308387,right,epithelia,0,,
1852,1955563,,,,,
1853,1963755,right,inter,3,70.0,3.0
1854,1595117,left,muscle,2,,
1855,1849075,,,,,
1856,1308413,left,inter,1,73.0,7.0
1857,1832710,,,,,
1858,767751,left,inter,head,104.0,
1859,1349386,left,sensory,pygidium,80.0,9.0
1860,55057,right,inter,pygidium,145.0,1.0
1861,1742612,right,inter,0,,1.0
1862,1546007,left,inter,2,,1.0
1863,1423131,right,inter,3,,7.0
1864,1357597,right,inter,2,155.0,3.0
1865,1283875,left,inter,head,,
1866,628517,right,inter,2,180.0,
1867,1398573,right,inter,head,,13.0
1868,907055,right,motor,3,156.0,
1869,1382194,left,inter,2,,7.0
1870,366394,,,,,
1871,1349434,left,sensory,pygidium,,9.0
1872,1562433,right,inter,1,109.0,
1873,1161034,left,sensory,head,173.0,
1874,14162,left,sensory,head,1.0,
1875,1521491,left,inter,3,,1.0
1876,1161044,left,sensory,head,173.0,
1877,399192,right,sensory,head,29.0,
1878,2029400,,,,,
1879,1480539,,,,,
1880,1849185,left,sensory,2,91.0,
1881,1406825,left,inter,head,2.0,
1882,1636201,,,,,
1883,1750890,,,,,
1884,1111918,right,,head,,
1885,366449,right,inter,head,57.0,
1886,1562482,left,inter,head,,
1887,669558,left,sensory,head,,
1888,1341302,left,inter,3,,
1889,399224,right,sensory,head,29.0,
1890,1275768,right,inter,head,,
1891,1398649,left,motor,2,68.0,
1892,1849210,left,,2,,
1893,186240,right,ciliated,head,,
1894,1570688,right,muscle,1,,
1895,751490,right,,head,,
1896,1341318,left,,3,,
1897,907144,left,motor,3,162.0,
1898,1947528,,,,,
1899,1570700,left,muscle,1,,
1900,1726348,left,inter,head,83.0,7.0
1901,251790,left,inter,head,6.0,
1902,759694,right,inter,1,73.0,7.0
1903,1333136,left,,3,,
1904,1390483,,,,,
1905,227221,right,inter,1,,
1906,1570711,left,muscle,1,,
1907,1275801,left,inter,2,,7.0
1908,1292186,left,sensory,head,136.0,
1909,1488795,left,inter,1,,4.0
1910,1718172,right,,3,,
1911,1537952,,,,,
1912,399266,right,sensory,head,29.0,
1913,1611683,right,inter,2,73.0,7.0
1914,1275812,left,,2,,
1915,1333158,right,sensory,head,17.0,
1916,1570729,left,muscle,1,,
1917,309165,right,sensory,head,141.0,
1918,1554350,,,,,
1919,1275823,right,sensory,pygidium,80.0,9.0
1920,300976,left,sensory,head,48.0,
1921,1308592,right,sensory,head,13.0,
1922,1652654,right,inter,head,,
1923,1570739,left,muscle,1,,
1924,55225,right,inter,2,,3.0
1925,1292228,left,sensory,head,51.0,
1926,1447877,left,inter,1,,2.0
1927,55238,left,inter,head,2.0,
1928,1308618,left,motor,1,64.0,
1929,1390541,left,inter,2,157.0,7.0
1930,1849294,left,sensory,1,,
1931,161743,right,inter,head,58.0,13.0
1932,1382357,,,,,
1933,1570773,right,muscle,2,,
1934,1292247,,,,,
1935,1349592,,,,,
1936,1275865,right,sensory,head,49.0,
1937,1701849,right,inter,head,,12.0
1938,1423327,right,muscle,3,,
1939,1570785,left,muscle,3,,
1940,1275880,left,sensory,head,49.0,
1941,1570796,right,muscle,pygidium,,
1942,1849324,left,motor,2,63.0,
1943,940016,left,ciliated,2,,
1944,1611764,,,,,
1945,1398775,left,muscle,2,,
1946,1669116,left,muscle,2,,
1947,1947647,right,inter,3,,7.0
1948,1275907,right,sensory,head,49.0,
1949,1275916,left,inter,head,,
1950,768031,right,,head,,
1951,1357861,right,muscle,2,,
1952,1849383,,,,,
1953,1734696,,,,,
1954,1472553,left,sensory,head,163.0,
1955,1357867,right,muscle,1,,
1956,1292334,left,sensory,2,80.0,
1957,1390643,,,,,
1958,1611828,,,,,
1959,202807,left,ciliated,head,,
1960,1447992,right,inter,2,,1.0
1961,923710,right,inter,head,125.0,12.0
1962,1333311,right,motor,2,47.0,
1963,1292352,left,inter,1,,4.0
1964,1333316,left,,3,,
1965,1316939,right,sensory,head,163.0,
1966,1349714,,,,,
1967,1955928,,,,,
1968,1103961,right,sensory,head,13.0,
1969,1955933,,,,,
1970,1439840,right,sensory,head,173.0,
1971,1103977,right,sensory,head,13.0,
1972,1570928,left,inter,2,,3.0
1973,1431668,,,,,
1974,1734778,,,,,
1975,1398914,,,,,
1976,1726596,left,,2,,3.0
1977,1611909,,,,,
1978,1276040,left,inter,head,116.0,
1979,1292427,left,inter,head,6.0,
1980,1685644,right,,1,,
1981,1382545,left,muscle,3,,
1982,1390740,right,sensory,3,89.0,
1983,1530009,right,inter,2,,7.0
1984,1390749,right,sensory,3,80.0,
1985,1308832,,,,,
1986,1374369,left,sensory,head,49.0,
1987,1956009,right,inter,1,,3.0
1988,1292458,left,inter,head,7.0,
1989,579755,left,motor,3,64.0,
1990,1398955,,,,,
1991,1546413,right,muscle,1,,
1992,1415344,left,motor,3,165.0,
1993,587962,right,muscle,1,,
1994,1407163,right,inter,1,,4.0
1995,1349820,left,inter,head,117.0,12.0
1996,1579204,right,motor,2,161.0,
1997,1956036,,,,,
1998,1120455,left,sensory,head,29.0,
1999,1603787,right,,1,,
2000,1407180,left,inter,2,,7.0
2001,1439958,,,,,
2002,1325272,left,inter,head,,
2003,1415385,left,muscle,3,,
2004,1841368,right,inter,3,,
2005,1054945,left,inter,head,23.0,
2006,1349857,left,inter,head,,
2007,252137,right,sensory,head,5.0,
2008,1956074,,,,,
2009,71916,,,,,
2010,1276147,left,inter,head,,
2011,1603827,right,inter,1,,2.0
2012,1849589,,,,,
2013,1317111,left,inter,head,7.0,
2014,1693946,,,,,
2015,1300731,left,sensory,head,26.0,
2016,1841402,right,inter,3,,2.0
2017,1390849,right,inter,3,,3.0
2018,1603842,,,,,
2019,1366275,right,sensory,pygidium,101.0,9.0
2020,776455,left,inter,head,123.0,
2021,1366282,left,inter,2,105.0,
2022,1333515,right,,3,,
2023,1849623,left,sensory,2,71.0,
2024,1333529,left,motor,2,47.0,
2025,1464604,right,sensory,2,91.0,
2026,932125,right,motor,1,64.0,
2027,1341740,right,motor,head,164.0,
2028,1669421,right,muscle,1,,
2029,1415473,left,motor,3,159.0,
2030,1448244,right,inter,2,,
2031,1587509,right,muscle,2,,
2032,1349942,left,sensory,1,81.0,
2033,1775932,right,inter,head,,
2034,1349949,left,sensory,1,101.0,
2035,1603906,right,muscle,1,,
2036,1284425,right,,2,,3.0
2037,1382729,right,motor,2,69.0,
2038,637265,right,inter,head,56.0,12.0
2039,1415508,right,sensory,1,95.0,
2040,1857878,,,,,
2041,1431895,,,,,
2042,22876,right,sensory,head,1.0,
2043,1333597,right,,2,,
2044,1415528,right,sensory,1,71.0,
2045,801132,left,inter,head,76.0,
2046,1415537,left,sensory,3,,
2047,1333656,left,,2,,
2048,1841563,,,,,
2049,1472928,left,inter,2,,6.0
2050,1702305,,,,,
2051,1374631,left,sensory,head,,8.0
2052,1595817,,,,,
2053,2185641,,,,,
2054,1317295,left,sensory,head,,
2055,219569,right,,head,,
2056,932287,left,inter,1,,
2057,1350079,,,,,
2058,1833415,right,motor,1,161.0,
2059,1612233,right,inter,1,,7.0
2060,1382859,left,inter,2,,6.0
2061,2243023,,,,,
2062,63952,,,,,
2063,1513938,,,,,
2064,1571286,right,inter,0,83.0,7.0
2065,1382871,left,inter,2,,6.0
2066,2202073,,,,,
2067,170458,right,,2,,
2068,629210,right,sensory,head,138.0,8.0
2069,981467,right,inter,head,179.0,
2070,1645026,right,inter,head,,12.0
2071,1366501,left,inter,2,79.0,7.0
2072,2013670,,,,,
2073,1595882,left,muscle,0,,
2074,1956332,right,motor,2,66.0,
2075,2185709,right,,1,64.0,
2076,1350126,left,inter,head,,
2077,1366510,left,inter,2,108.0,
2078,1358320,,,,,
2079,768500,left,inter,head,,12.0
2080,1948151,right,inter,2,,3.0
2081,1300984,,,,,
2082,604671,right,muscle,1,,
2083,1317375,left,inter,head,,
2084,1456639,left,inter,2,,1.0
2085,1284610,right,inter,head,119.0,
2086,1849863,left,sensory,2,94.0,
2087,1022473,,,,,
2088,1808905,,,,,
2089,1571339,,,,,
2090,1333780,right,inter,head,,
2091,653848,right,inter,3,,
2092,1391139,left,muscle,3,,
2093,1309222,right,sensory,head,,
2094,1309228,right,sensory,head,13.0,
2095,1628716,left,muscle,2,,
2096,1276462,left,sensory,head,,
2097,1382959,right,sensory,3,71.0,
2098,1473074,right,inter,head,104.0,
2099,1956404,,,,,
2100,940601,,,,,
2101,1325625,right,sensory,head,,10.0
2102,1350203,,,,,
2103,1686077,,,,,
2104,1325633,right,sensory,head,,10.0
2105,1382978,right,sensory,3,71.0,
2106,1448515,,,,,
2107,1628748,left,muscle,2,,
2108,1841743,left,inter,2,79.0,7.0
2109,6743,left,sensory,head,1.0,
2110,1923672,left,sensory,head,168.0,
2111,1383001,right,motor,3,165.0,
2112,2185818,,,,,
2113,1481307,,,,,
2114,1284704,right,sensory,head,131.0,
2115,1399394,left,motor,2,68.0,
2116,1391216,,,,,
2117,1325682,right,sensory,head,,10.0
2118,580213,right,muscle,3,,
2119,1391222,left,motor,3,66.0,
2120,1342071,left,inter,head,,
2121,498302,left,inter,head,124.0,12.0
2122,55935,left,inter,head,3.0,
2123,612991,right,sensory,head,29.0,
2124,1243776,left,,2,,
2125,1333887,left,inter,head,123.0,
2126,1391234,left,motor,3,68.0,
2127,1292932,right,inter,head,6.0,
2128,1292947,right,inter,head,124.0,12.0
2129,1481366,,,,,
2130,932505,left,inter,2,79.0,7.0
2131,137882,right,muscle,0,,
2132,1489563,left,inter,head,125.0,12.0
2133,203433,left,ciliated,head,,
2134,1284780,left,sensory,head,32.0,
2135,1923757,,,,,
2136,1473202,right,inter,2,79.0,7.0
2137,1317564,right,sensory,head,97.0,
2138,1342141,left,inter,head,120.0,
2139,1514172,,,,,
2140,154304,right,inter,1,,7.0
2141,252608,left,sensory,head,5.0,
2142,1293005,right,inter,head,175.0,13.0
2143,277200,left,sensory,head,46.0,
2144,2398932,,,,,
2145,1481436,,,,,
2146,1440477,left,,pygidium,,
2147,1850079,right,inter,2,,3.0
2148,1350368,right,sensory,0,,
2149,2013923,left,,1,,3.0
2150,359142,right,motor,head,86.0,
2151,1489640,left,motor,head,164.0,
2152,1276652,left,inter,head,127.0,
2153,1325812,right,inter,head,,
2154,1448695,,,,,
2155,1383171,right,inter,2,108.0,
2156,1587973,left,inter,1,,
2157,1366793,,,,,
2158,1391371,,,,,
2159,1547023,left,epithelia,0,,
2160,1325843,right,sensory,head,,
2161,1301268,left,inter,head,4.0,
2162,1317660,right,sensory,head,29.0,
2163,1514272,,,,,
2164,56100,right,inter,head,,
2165,908068,right,inter,1,155.0,3.0
2166,1399590,right,motor,2,161.0,
2167,1432357,right,motor,2,,
2168,1383209,left,,3,,
2169,1276717,left,inter,head,,
2170,285487,,,,,
2171,1366839,right,motor,2,,
2172,1391418,,,,,
2173,2014021,,,,,
2174,564048,right,,head,,
2175,1776476,left,motor,2,64.0,
2176,1407854,right,inter,3,,1.0
2177,1776504,left,motor,2,64.0,
2178,1022842,,,,,
2179,1350523,,,,,
2180,1416066,left,epithelia,head,,
2181,1514371,left,,1,,
2182,1440653,left,inter,3,,7.0
2183,1842067,left,inter,head,,12.0
2184,1358740,right,inter,head,122.0,
2185,1792917,right,motor,2,64.0,
2186,1448858,right,inter,2,,1.0
2187,1407899,,,,,
2188,1276831,left,muscle,1,,
2189,1588133,left,inter,1,,7.0
2190,1629097,left,muscle,2,,
2191,252853,left,sensory,head,5.0,
2192,1326008,left,inter,head,,
2193,1514425,,,,,
2194,1137595,right,muscle,1,,
2195,1391550,,,,,
2196,228289,right,motor,pygidium,82.0,
2197,1391561,left,inter,1,,1.0
2198,1448906,left,epithelia,3,,
2199,1285069,right,motor,head,19.0,
2200,1285075,left,inter,head,126.0,
2201,1334234,left,inter,head,174.0,
2202,1514458,,,,,
2203,1391584,left,motor,1,,
2204,1563616,,,,,
2205,1276909,right,sensory,head,18.0,
2206,1727474,left,motor,2,65.0,
2207,1416180,right,muscle,1,,
2208,1293303,,,,,
2209,1383418,left,motor,3,61.0,
2210,1440768,right,epithelia,3,,
2211,1432579,,,,,
2212,1416198,right,muscle,2,,
2213,1432586,,,,,
2214,1391634,,,,,
2215,1850387,,,,,
2216,1244182,right,motor,3,64.0,
2217,1178653,right,inter,3,,1.0
2218,1416227,right,muscle,3,,
2219,1178663,right,sensory,pygidium,101.0,9.0
2220,1481767,,,,,
2221,1276971,left,sensory,2,80.0,
2222,1440816,right,inter,3,,
2223,1317942,left,inter,head,123.0,
2224,1350710,,,,,
2225,1276992,left,sensory,3,80.0,
2226,588869,left,sensory,head,139.0,
2227,1293381,left,inter,head,,
2228,1424455,right,,2,,
2229,1571934,right,inter,1,,7.0
2230,982115,left,motor,head,178.0,
2231,1416299,left,muscle,1,,
2232,1850475,right,,2,,
2233,318576,right,sensory,head,130.0,
2234,1850496,left,sensory,2,71.0,
2235,1391745,left,muscle,1,,
2236,433286,,muscle,head,,
2237,1285267,right,inter,head,,
2238,1653907,left,inter,2,73.0,7.0
2239,1563802,left,inter,head,,
2240,171166,right,ciliated,head,,
2241,15519,right,sensory,head,1.0,
2242,1547424,left,motor,1,,
2243,1383587,right,inter,2,,7.0
2244,1449124,,,,,
2245,1399974,left,muscle,2,,
2246,1342632,right,inter,head,,
2247,1752235,right,motor,3,68.0,
2248,1293484,right,motor,3,63.0,
2249,1547439,right,sensory,head,,
2250,1383600,right,inter,2,,7.0
2251,1834160,left,inter,head,,
2252,1645747,left,inter,1,,
2253,1285301,right,inter,head,,
2254,1350839,left,sensory,2,89.0,
2255,1285306,right,inter,head,,
2256,359612,right,inter,head,,
2257,1932476,,,,,
2258,1285310,right,inter,head,23.0,
2259,1588419,left,sensory,1,95.0,
2260,1416388,right,muscle,2,,
2261,40141,right,inter,head,2.0,
2262,1129677,left,inter,head,,
2263,1285327,right,inter,head,,
2264,1293518,right,inter,head,,12.0
2265,392410,right,inter,head,,
2266,1645789,left,inter,1,,2.0
2267,1277150,left,muscle,1,,
2268,1416416,right,muscle,1,,
2269,1613030,,,,,
2270,1342703,,,,,
2271,1400051,,,,,
2272,1326324,right,sensory,head,,8.0
2273,1957108,right,inter,2,,2.0
2274,1285367,right,sensory,head,113.0,
2275,1817849,left,,3,,
2276,1498370,left,inter,head,,13.0
2277,1342725,right,sensory,pygidium,170.0,9.0
2278,1735943,,,,,
2279,1334543,right,inter,head,,
2280,1285393,right,inter,head,4.0,
2281,802066,left,inter,1,,3.0
2282,1383699,left,inter,3,,3.0
2283,1449234,left,inter,head,,
2284,1981717,,,,,
2285,261398,left,motor,1,87.0,
2286,1957143,,,,,
2287,1441050,left,inter,2,,1.0
2288,1457434,right,inter,1,,3.0
2289,1416476,right,muscle,1,,
2290,1670429,left,ciliated,3,,
2291,1277215,left,inter,head,,14.0
2292,1744166,left,,3,,
2293,1383723,right,inter,3,,
2294,1441073,right,inter,2,,7.0
2295,826675,left,motor,head,86.0,
2296,1744183,left,,3,,
2297,1785146,left,sensory,head,31.0,
2298,1113404,left,sensory,head,13.0,
2299,1400126,right,inter,3,,6.0
2300,1735998,,,,,
2301,1310016,left,sensory,head,,
2302,1383745,left,,3,,
2303,73027,left,inter,head,,
2304,1678661,right,motor,1,64.0,
2305,2301260,,,,,
2306,7501,left,sensory,head,1.0,
2307,113999,left,motor,head,8.0,
2308,1416527,left,inter,3,146.0,3.0
2309,1432915,left,inter,3,154.0,3.0
2310,1645907,left,muscle,2,,
2311,1367387,left,sensory,head,99.0,
2312,1383778,right,epithelia,3,,
2313,73059,left,inter,head,2.0,
2314,1678692,left,motor,1,,
2315,359783,right,,head,,
2316,1645931,left,muscle,2,,
2317,1957230,left,inter,2,176.0,6.0
2318,556399,left,muscle,1,,
2319,1072496,right,sensory,head,26.0,
2320,23921,right,sensory,head,1.0,
2321,1473904,left,sensory,head,,8.0
2322,662902,,,,,
2323,1400183,,,,,
2324,1449339,right,inter,head,,12.0
2325,335229,right,inter,head,,13.0
2326,1449343,,,,,
2327,1793408,left,motor,1,162.0,
2328,1965440,,,,,
2329,1359237,left,inter,head,144.0,13.0
2330,1375626,,,,,
2331,32142,left,inter,head,2.0,
2332,1850777,left,motor,1,161.0,
2333,1318311,left,sensory,head,,
2334,1957288,right,inter,head,,12.0
2335,957866,,,,,
2336,1457578,left,inter,2,,7.0
2337,482732,left,sensory,head,29.0,
2338,1629613,left,muscle,2,,
2339,2014638,,,,,
2340,1392050,right,muscle,3,,
2341,1957305,,,,,
2342,1310144,left,inter,1,,
2343,1031618,right,muscle,2,,
2344,1834435,,,,,
2345,1670599,left,muscle,2,,
2346,2301384,,,,,
2347,1310154,,,,,
2348,1433034,right,inter,3,,
2349,1957322,,,,,
2350,1424853,left,inter,3,,2.0
2351,441817,left,sensory,head,16.0,
2352,1703390,right,muscle,2,,
2353,531949,right,sensory,head,14.0,
2354,1416695,left,muscle,head,,
2355,744953,right,sensory,head,80.0,
2356,1342970,right,sensory,head,,
2357,1211899,left,sensory,head,15.0,
2358,1342975,right,sensory,head,,
2359,1957377,right,,1,,
2360,1392132,left,muscle,3,,
2361,1113608,right,ciliated,0,,
2362,1302031,left,inter,head,124.0,12.0
2363,1342991,right,ciliated,head,,
2364,1318423,right,sensory,head,29.0,
2365,1302040,right,inter,head,,
2366,1392152,left,muscle,3,,
2367,1605150,left,,1,,
2368,1703455,right,muscle,2,,
2369,1932830,,,,,
2370,1777190,right,sensory,head,,
2371,1392171,left,muscle,3,,
2372,1703468,right,muscle,2,,
2373,1621549,right,muscle,3,,
2374,1383986,left,sensory,3,71.0,
2375,2014770,,,,,
2376,269876,right,sensory,head,50.0,
2377,1351221,left,inter,1,,
2378,1474100,right,motor,3,,
2379,1130041,left,sensory,head,49.0,
2380,1408570,right,muscle,pygidium,,
2381,1465914,left,inter,head,124.0,12.0
2382,1400382,right,inter,3,74.0,7.0
2383,1285696,right,sensory,head,28.0,
2384,1343040,left,muscle,3,,
2385,1302082,left,inter,head,123.0,
2386,1416768,left,,2,,
2387,1678918,left,inter,pygidium,72.0,1.0
2388,1384013,left,motor,3,165.0,
2389,48718,right,inter,head,2.0,
2390,2014797,,,,,
2391,1343057,left,,3,,
2392,523862,left,sensory,head,30.0,
2393,1392216,left,muscle,pygidium,,
2394,523868,left,inter,head,,
2395,1441373,right,inter,2,,1.0
2396,1392222,left,muscle,pygidium,,
2397,1318495,left,inter,head,,
2398,1850975,,,,,
2399,2014813,left,inter,1,,3.0
2400,564835,,,,,
2401,843373,,,,,
2402,1293934,,,,,
2403,1441389,right,inter,2,,7.0
2404,1351280,left,inter,2,73.0,7.0
2405,1490551,right,inter,2,,
2406,1646209,left,inter,head,83.0,7.0
2407,188036,right,ciliated,head,,
2408,1285768,right,sensory,head,110.0,
2409,1425033,right,inter,head,123.0,
2410,1449610,right,sensory,3,,
2411,1351307,left,inter,1,73.0,7.0
2412,1916554,left,muscle,1,,
2413,958099,right,inter,2,,5.0
2414,556693,left,ciliated,1,,
2415,1695383,,,,,
2416,1310363,right,inter,1,73.0,7.0
2417,982688,right,sensory,head,114.0,
2418,1277600,,,,,
2419,1310373,,,,,
2420,1244844,,,,,
2421,1302189,right,inter,head,11.0,
2422,556718,right,inter,head,,12.0
2423,1457836,right,motor,3,,
2424,1547950,left,muscle,1,,
2425,515762,right,inter,head,117.0,12.0
2426,1433269,left,,2,,
2427,212664,left,ciliated,head,,
2428,1654460,right,muscle,3,,
2429,1367741,left,inter,head,127.0,
2430,1932988,left,inter,head,,13.0
2431,1416897,,,,,
2432,1744577,right,inter,head,,
2433,941766,left,muscle,2,,
2434,1318602,left,inter,head,,
2435,32460,left,inter,head,3.0,
2436,1621708,right,muscle,3,,
2437,1285842,right,sensory,head,,
2438,1490643,,,,,
2439,1629909,left,muscle,2,,
2440,1400535,right,inter,3,,1.0
2441,1466076,right,sensory,head,,10.0
2442,1998558,right,inter,head,,
2443,1605349,right,muscle,2,,
2444,1302247,left,inter,2,109.0,
2445,1646318,left,muscle,2,,
2446,1457903,,,,,
2447,1285875,right,inter,head,124.0,12.0
2448,1490675,left,inter,2,,3.0
2449,1654515,right,muscle,3,,
2450,188153,right,ciliated,head,,
2451,1302266,right,inter,head,,13.0
2452,499451,left,inter,head,124.0,12.0
2453,1203965,right,ciliated,0,,
2454,1343244,right,motor,3,,
2455,1580815,,,,,
2456,1629968,left,muscle,2,,
2457,1670927,right,muscle,1,,
2458,1351442,,,,,
2459,1163030,left,sensory,head,163.0,
2460,1580828,,,,,
2461,2416412,left,inter,2,,
2462,204577,left,ciliated,head,,
2463,1277733,,,,,
2464,1433397,left,motor,1,,
2465,1425208,,,,,
2466,1277759,left,motor,pygidium,82.0,
2467,1335104,left,,3,,
2468,1646402,left,,head,,
2469,1630022,left,muscle,2,,
2470,1302345,right,inter,3,,
2471,1433418,right,inter,head,,12.0
2472,1359694,right,inter,head,,
2473,1441614,right,inter,2,,1.0
2474,1482574,right,sensory,2,143.0,
2475,1613646,right,inter,1,60.0,7.0
2476,1638229,,,,,
2477,565079,left,inter,3,,1.0
2478,1957722,right,inter,1,,1.0
2479,1433435,,,,,
2480,1646429,left,muscle,1,,
2481,1408867,left,motor,3,63.0,
2482,1654629,right,inter,head,22.0,12.0
2483,1130360,left,sensory,head,49.0,
2484,1564536,,,,,
2485,1032061,right,muscle,2,,
2486,1367937,,,,,
2487,139142,left,sensory,1,38.0,
2488,1736582,right,muscle,3,,
2489,1523593,,,,,
2490,786317,,,,,
2491,2015119,left,sensory,head,100.0,
2492,442258,left,,,,
2493,1277851,right,sensory,3,143.0,
2494,147361,left,inter,1,,3.0
2495,1728420,,,,,
2496,1621926,right,muscle,3,,
2497,1359787,left,inter,0,,
2498,1327020,right,sensory,head,,15.0
2499,1449903,right,,1,,7.0
2500,1957809,right,motor,2,162.0,
2501,1408946,right,,3,,
2502,1400756,left,inter,3,70.0,3.0
2503,1335221,right,inter,head,,
2504,1392567,left,muscle,3,,
2505,1408956,right,muscle,3,,
2506,1122238,right,sensory,head,,
2507,1425347,right,sensory,3,80.0,
2508,1114055,right,ciliated,0,,
2509,942028,left,muscle,1,,
2510,384976,,,,,
2511,1204176,right,sensory,0,167.0,
2512,1671122,,,,,
2513,1368019,left,muscle,3,,
2514,1368025,left,muscle,pygidium,,
2515,2015193,left,sensory,head,100.0,
2516,1368030,left,muscle,3,,
2517,1368040,left,muscle,0,,
2518,180202,right,ciliated,head,,
2519,1343467,right,inter,head,153.0,12.0
2520,1277932,left,motor,1,,
2521,1621996,right,muscle,3,,
2522,1630186,left,muscle,2,,
2523,1441775,right,motor,3,,
2524,1597423,right,muscle,pygidium,,
2525,1302513,left,sensory,head,,
2526,1671147,right,motor,1,165.0,
2527,1974266,,,,,
2528,1376251,left,inter,head,,
2529,1048573,left,inter,3,,
