skids,side,class,segment,type,group
2015233,l,s,head,100,N/A
1548290,l,N/A,1,N/A,N/A
1318919,l,s,head,88,15
2015241,l,s,head,100,N/A
1294348,N/A,N/A,N/A,N/A,N/A
1769485,r,s,N/A,N/A,N/A
1622033,r,N/A,3,N/A,N/A
2007060,r,i,head,N/A,N/A
1589273,N/A,N/A,N/A,N/A,N/A
1064990,r,i,head,116,N/A
1564703,l,N/A,head,N/A,N/A
1728550,l,i,3,105,N/A
139303,lr,s,1,102,N/A
1417265,l,i,3,N/A,5
1728563,r,m,2,165,N/A
1318965,l,i,head,N/A,N/A
1278006,l,s,head,80,N/A
1400886,N/A,N/A,N/A,N/A,N/A
1466424,r,m,2,64,N/A
1458234,r,N/A,1,N/A,N/A
1417276,r,i,3,N/A,3
1507391,r,N/A,3,N/A,N/A
1294400,r,s,head,163,N/A
1065030,r,i,2,169,3
1318986,l,i,head,N/A,N/A
1400907,N/A,N/A,N/A,N/A,N/A
1294413,r,s,head,163,N/A
1441872,r,N/A,2,N/A,N/A
24659,r,s,head,1,N/A
1278038,l,s,3,143,N/A
1130583,l,s,head,49,N/A
1417306,N/A,N/A,N/A,N/A,N/A
1433691,l,N/A,1,N/A,N/A
1376350,r,i,1,N/A,3
1024095,l,i,head,N/A,N/A
1278051,l,s,head,96,N/A
1851492,N/A,N/A,N/A,N/A,N/A
1433701,l,N/A,1,N/A,N/A
1392742,l,N/A,3,N/A,N/A
1417326,N/A,N/A,N/A,N/A,N/A
1687663,N/A,N/A,N/A,N/A,N/A
1392754,l,N/A,3,N/A,N/A
1359987,r,i,head,N/A,N/A
385141,l,i,head,125,12
827510,l,i,1,155,3
1359995,r,i,head,N/A,N/A
1720448,N/A,N/A,N/A,N/A,N/A
1646725,l,N/A,2,N/A,N/A
2007173,r,N/A,0,N/A,16
1302663,l,s,head,N/A,N/A
786570,r,i,head,N/A,N/A
557195,l,N/A,1,N/A,N/A
909450,r,N/A,3,N/A,N/A
1736843,l,s,head,100,15
1204373,r,N/A,0,N/A,N/A
942233,l,N/A,1,N/A,N/A
1409181,r,N/A,head,N/A,N/A
1319070,r,s,head,15,N/A
57508,r,i,head,N/A,N/A
1409196,r,N/A,0,N/A,N/A
344239,l,m,head,84,N/A
1671351,l,N/A,3,N/A,N/A
1736887,l,s,head,100,N/A
1663161,r,m,1,N/A,N/A
1499326,r,N/A,1,N/A,7
1851582,N/A,N/A,N/A,N/A,N/A
401601,r,i,head,N/A,N/A
1417409,N/A,N/A,N/A,N/A,N/A
573635,r,N/A,0,N/A,N/A
1376459,r,i,1,N/A,6
1818828,N/A,N/A,N/A,N/A,N/A
1065166,l,s,head,50,N/A
57553,l,i,head,57,N/A
508114,l,s,head,28,N/A
1310931,N/A,N/A,N/A,N/A,N/A
1335507,r,i,head,122,N/A
671957,r,i,head,104,N/A
1425621,r,i,3,N/A,7
2015448,N/A,N/A,N/A,N/A,N/A
1065178,l,s,head,13,N/A
1286364,r,N/A,0,N/A,N/A
1155295,l,s,head,N/A,N/A
73954,l,i,head,104,N/A
2015461,N/A,N/A,N/A,N/A,N/A
1925350,N/A,N/A,N/A,N/A,N/A
1278185,r,s,pygidium,98,9
1474793,r,i,head,N/A,N/A
1409275,l,N/A,head,N/A,N/A
1646847,l,N/A,2,N/A,N/A
1679615,r,m,1,64,N/A
2007296,N/A,N/A,N/A,N/A,N/A
409861,l,i,head,104,N/A
1925391,N/A,N/A,N/A,N/A,N/A
24849,r,s,head,1,N/A
385300,N/A,N/A,N/A,N/A,N/A
991508,N/A,N/A,N/A,N/A,N/A
139543,r,s,1,38,N/A
1483032,r,i,2,N/A,1
1786137,N/A,N/A,N/A,N/A,N/A
16668,r,s,head,1,N/A
532764,r,s,head,44,N/A
1311006,l,i,head,117,12
1392926,l,m,3,N/A,N/A
1433886,N/A,N/A,N/A,N/A,N/A
1401122,l,i,3,N/A,3
1392932,r,i,2,N/A,7
1392938,N/A,N/A,N/A,N/A,N/A
1335597,r,s,head,N/A,N/A
2007344,l,m,head,166,N/A
1360179,l,i,head,118,N/A
1409346,r,i,head,N/A,N/A
1392970,l,m,3,64,N/A
16719,l,s,head,35,N/A
1728847,l,N/A,2,N/A,N/A
1352017,N/A,N/A,N/A,N/A,N/A
1204562,l,N/A,head,N/A,N/A
2015571,l,i,1,73,7
1442134,l,i,3,N/A,7
237911,N/A,i,head,42,N/A
557403,l,N/A,1,N/A,N/A
1409372,r,m,2,64,N/A
1335645,l,i,head,121,N/A
2007389,l,i,1,N/A,4
1368417,l,N/A,2,N/A,N/A
1433958,N/A,N/A,N/A,N/A,N/A
1704296,N/A,N/A,N/A,N/A,N/A
1450345,r,N/A,3,N/A,N/A
1016172,l,m,1,N/A,N/A
1204589,l,N/A,0,N/A,N/A
1409405,N/A,N/A,N/A,N/A,N/A
1212800,l,s,head,24,N/A
1597825,N/A,N/A,N/A,N/A,N/A
1393034,l,i,3,N/A,5
1737105,r,s,head,36,N/A
2294161,N/A,N/A,N/A,N/A,N/A
1089948,l,s,head,29,N/A
1335708,N/A,N/A,N/A,N/A,N/A
2294176,r,i,head,N/A,13
1647016,l,N/A,2,N/A,N/A
1261995,l,i,head,N/A,N/A
1294765,N/A,N/A,N/A,N/A,N/A
25010,r,s,head,1,N/A
1434038,N/A,N/A,N/A,N/A,N/A
1393083,r,i,3,N/A,5
1393089,r,N/A,3,N/A,N/A
1499594,l,i,1,N/A,2
1417675,l,i,2,N/A,2
1663434,r,i,1,N/A,N/A
1409488,N/A,N/A,N/A,N/A,N/A
1827286,l,N/A,1,N/A,1
1319384,r,s,head,N/A,N/A
2015704,l,s,0,94,16
1335777,l,s,pygidium,80,9
672228,r,s,head,41,N/A
1524203,r,N/A,3,N/A,N/A
2294251,l,i,head,N/A,13
1335790,l,s,pygidium,N/A,9
1286644,N/A,N/A,N/A,N/A,N/A
1327607,r,s,head,30,N/A
1450492,r,N/A,3,N/A,N/A
1335807,l,s,pygidium,93,9
1303054,l,N/A,head,N/A,N/A
1204752,r,N/A,0,N/A,N/A
762387,r,i,head,N/A,14
1589782,r,i,1,N/A,N/A
1335832,l,s,pygidium,N/A,9
1409561,r,i,3,N/A,1
1770014,r,s,0,N/A,16
1950241,l,s,2,N/A,N/A
1294885,l,N/A,head,N/A,N/A
1335845,l,s,pygidium,N/A,9
1950245,l,i,2,N/A,N/A
1491500,N/A,N/A,N/A,N/A,N/A
844338,l,N/A,1,N/A,N/A
746037,r,N/A,head,N/A,N/A
1483318,N/A,N/A,N/A,N/A,N/A
442961,r,s,head,48,N/A
1417810,r,s,head,168,N/A
1450580,l,i,1,N/A,N/A
705116,r,i,2,N/A,1
1294947,r,N/A,head,N/A,N/A
1278565,l,s,head,N/A,N/A
1057387,l,N/A,2,N/A,N/A
1155695,l,s,head,29,N/A
1303153,r,i,head,N/A,N/A
1450610,r,i,3,N/A,3
1827444,l,i,1,N/A,1
1294966,l,N/A,head,N/A,N/A
1491577,r,i,2,N/A,2
1409659,r,i,pygidium,146,3
1434239,N/A,N/A,N/A,N/A,N/A
1294978,r,N/A,head,N/A,N/A
1278598,l,s,pygidium,80,9
1409671,r,i,pygidium,146,3
1294986,l,m,1,142,N/A
2220688,N/A,N/A,N/A,N/A,N/A
1278611,r,N/A,N/A,N/A,N/A
1327767,r,s,head,163,N/A
1393309,r,N/A,3,N/A,N/A
582306,r,N/A,3,N/A,N/A
1426084,N/A,N/A,N/A,N/A,N/A
1286825,r,i,head,N/A,N/A
1417899,N/A,N/A,N/A,N/A,N/A
1950381,l,N/A,1,N/A,N/A
1704627,r,i,head,171,N/A
1360565,r,s,2,81,N/A
1393334,r,N/A,3,N/A,N/A
541367,r,s,head,29,N/A
2015926,l,i,2,N/A,1
1278649,r,N/A,head,N/A,N/A
1950393,l,i,1,N/A,1
1729214,r,i,head,N/A,N/A
1360579,l,s,1,95,N/A
1721031,N/A,N/A,N/A,N/A,N/A
1696456,l,i,2,155,3
1352396,l,N/A,0,N/A,N/A
983759,r,s,head,114,N/A
1639124,l,s,0,N/A,18
180953,r,N/A,head,N/A,N/A
2015966,l,i,1,N/A,7
1278688,l,s,pygidium,101,9
172769,l,i,1,78,7
1319649,r,s,head,29,N/A
1630952,l,N/A,pygidium,N/A,N/A
1278697,l,s,pygidium,101,9
1319657,r,s,head,103,N/A
74477,l,i,head,N/A,N/A
770802,r,s,head,34,N/A
369396,r,i,pygidium,72,1
1426168,N/A,N/A,N/A,N/A,N/A
1311483,r,i,head,127,N/A
1123072,r,s,head,173,N/A
1303297,l,i,head,N/A,N/A
1360640,N/A,N/A,N/A,N/A,N/A
1442572,r,m,1,N/A,N/A
1794836,N/A,N/A,N/A,N/A,N/A
1950485,l,i,2,N/A,N/A
2016023,N/A,N/A,N/A,N/A,N/A
1319704,r,i,head,N/A,N/A
2016028,N/A,N/A,N/A,N/A,N/A
115486,l,s,head,37,N/A
1450796,r,i,2,N/A,1
942898,l,N/A,1,N/A,N/A
1033010,r,N/A,2,N/A,N/A
1778482,r,s,2,95,N/A
1278774,l,i,pygidium,146,3
246584,r,i,head,6,N/A
1311558,r,s,head,N/A,N/A
1753932,r,m,1,N/A,N/A
557901,r,m,1,162,N/A
1000272,r,i,1,N/A,2
992087,l,N/A,3,N/A,N/A
992096,l,N/A,3,N/A,N/A
2016098,N/A,N/A,N/A,N/A,N/A
1352547,N/A,N/A,N/A,N/A,N/A
1409892,N/A,N/A,N/A,N/A,N/A
1172329,N/A,N/A,N/A,N/A,N/A
893804,r,i,head,N/A,N/A
1311597,r,s,head,N/A,8
41848,l,i,head,126,N/A
557944,r,i,head,N/A,12
992125,r,N/A,3,N/A,N/A
1295231,r,i,2,N/A,4
2294656,l,s,1,91,N/A
1328001,r,N/A,3,N/A,N/A
1688455,r,N/A,1,N/A,N/A
1950602,r,m,2,162,N/A
992139,r,N/A,3,N/A,N/A
1942411,N/A,N/A,N/A,N/A,N/A
1377167,l,s,2,95,N/A
1393552,r,i,2,N/A,3
2007954,r,i,2,N/A,3
1377175,l,s,2,95,N/A
1647512,l,N/A,2,N/A,N/A
1704860,l,i,head,22,12
1565599,l,i,2,N/A,2
1377191,l,s,1,94,N/A
1541032,l,m,2,159,N/A
295849,r,s,head,52,N/A
1631145,l,s,3,95,N/A
1950633,N/A,N/A,N/A,N/A,N/A
1377198,r,s,2,94,N/A
1393583,N/A,N/A,N/A,N/A,N/A
1393588,N/A,N/A,N/A,N/A,N/A
1278903,l,s,pygidium,101,9
328632,r,i,head,2,N/A
1418168,N/A,N/A,N/A,N/A,N/A
2294716,N/A,N/A,N/A,N/A,N/A
1385409,N/A,N/A,N/A,N/A,N/A
1172421,N/A,N/A,N/A,N/A,N/A
1319881,r,i,head,N/A,N/A
1360843,l,s,3,80,N/A
1311697,r,i,head,N/A,N/A
1655775,r,N/A,1,N/A,N/A
1729505,N/A,N/A,N/A,N/A,N/A
656354,l,m,head,N/A,N/A
1278947,l,i,3,N/A,7
1500133,N/A,N/A,N/A,N/A,N/A
1434598,r,m,pygidium,64,N/A
1418215,N/A,N/A,N/A,N/A,N/A
1336299,l,s,2,89,N/A
1278959,r,i,3,N/A,4
1295346,N/A,N/A,N/A,N/A,N/A
1516536,l,s,3,91,N/A
1287162,l,s,pygidium,N/A,9
1377274,l,i,head,N/A,N/A
1401852,r,s,2,71,N/A
1360893,l,s,2,80,N/A
1721342,l,s,head,32,N/A
2294784,l,s,head,N/A,8
1336321,r,i,head,144,13
1467402,r,N/A,N/A,N/A,N/A
1410068,N/A,N/A,N/A,N/A,N/A
2016279,N/A,N/A,N/A,N/A,N/A
1549338,r,N/A,0,N/A,N/A
2016288,N/A,N/A,N/A,N/A,N/A
1565731,N/A,N/A,N/A,N/A,N/A
943145,l,N/A,1,N/A,N/A
1295406,l,i,1,N/A,N/A
1500207,l,i,2,N/A,3
1860656,l,i,2,169,3
1156145,l,s,head,29,N/A
992309,r,N/A,3,N/A,N/A
1344565,r,s,pygidium,98,9
1385530,l,N/A,pygidium,N/A,N/A
1410108,N/A,N/A,N/A,N/A,N/A
1999932,r,s,1,95,N/A
992318,l,N/A,3,N/A,N/A
476224,r,s,head,163,N/A
1385536,l,N/A,pygidium,N/A,N/A
1975364,l,s,2,94,N/A
1385542,l,N/A,pygidium,N/A,N/A
1360967,r,s,pygidium,N/A,9
2313924,N/A,N/A,N/A,N/A,N/A
1590351,r,N/A,3,N/A,N/A
1074256,l,s,head,13,N/A
992337,l,N/A,2,N/A,N/A
1279058,N/A,N/A,N/A,N/A,N/A
1999956,r,i,1,N/A,N/A
1344599,r,s,pygidium,98,9
992344,l,N/A,2,N/A,N/A
1090653,l,s,head,29,N/A
1623138,l,N/A,3,N/A,N/A
992355,l,N/A,2,N/A,N/A
1082470,l,i,1,N/A,1
1279078,l,m,3,N/A,N/A
1303655,l,i,head,N/A,N/A
590953,r,i,head,57,N/A
992365,l,N/A,2,N/A,N/A
1729648,l,m,2,67,N/A
1688689,r,s,head,100,N/A
992374,r,N/A,2,N/A,N/A
1393787,l,i,3,N/A,3
992383,r,N/A,2,N/A,N/A
1426565,r,i,1,N/A,2
1541262,l,i,2,N/A,N/A
992401,r,N/A,2,N/A,N/A
1647763,l,N/A,1,N/A,N/A
1336469,N/A,N/A,N/A,N/A,N/A
1459349,N/A,N/A,N/A,N/A,N/A
1311897,r,i,head,N/A,N/A
1442970,r,s,3,89,N/A
1295517,l,m,1,63,N/A
1639584,r,s,head,31,N/A
992419,r,N/A,2,N/A,N/A
992429,l,N/A,2,N/A,N/A
1311918,N/A,N/A,N/A,N/A,N/A
189615,r,s,head,96,N/A
320687,l,s,head,N/A,N/A
992438,r,N/A,1,N/A,N/A
1623227,l,N/A,3,N/A,N/A
992446,r,N/A,1,N/A,N/A
1582275,l,i,1,N/A,4
992455,l,N/A,1,N/A,N/A
1377483,r,m,1,N/A,N/A
1590476,r,N/A,3,N/A,N/A
1860825,N/A,N/A,N/A,N/A,N/A
672986,r,i,head,N/A,N/A
1860829,N/A,N/A,N/A,N/A,N/A
1410274,r,m,3,N/A,N/A
1484007,l,N/A,3,N/A,3
1623277,l,N/A,3,N/A,N/A
1393903,r,N/A,3,N/A,N/A
1410290,r,m,2,N/A,N/A
296186,l,i,head,N/A,13
1361146,r,s,1,91,N/A
34044,r,i,head,2,N/A
1336580,l,N/A,1,N/A,N/A
1828100,l,m,3,128,N/A
2008327,l,s,2,71,N/A
361741,l,i,head,N/A,13
156947,r,s,0,94,16
1279252,l,i,3,N/A,7
1361174,l,s,1,91,N/A
1393942,l,i,3,N/A,3
1860886,l,i,head,117,12
1287449,r,i,head,N/A,12
1459484,N/A,N/A,N/A,N/A,N/A
1598752,l,m,1,151,N/A
2008355,r,m,2,N/A,N/A
1729830,r,m,3,N/A,N/A
1328429,r,s,head,N/A,15
1459509,N/A,N/A,N/A,N/A,N/A
2008373,N/A,N/A,N/A,N/A,N/A
1361208,r,s,3,91,N/A
1410367,N/A,N/A,N/A,N/A,N/A
2016575,N/A,N/A,N/A,N/A,N/A
1156418,l,s,head,163,N/A
2295109,r,N/A,head,N/A,N/A
58694,l,s,head,1,N/A
1361224,l,s,3,80,N/A
1434961,r,s,3,71,N/A
1361239,r,s,3,80,N/A
984413,r,s,head,114,N/A
1328477,l,i,1,N/A,N/A
1328483,l,i,1,N/A,7
1303909,l,i,head,21,N/A
1680741,r,N/A,1,N/A,N/A
2008424,N/A,N/A,N/A,N/A,N/A
1361264,l,s,pygidium,91,9
1434995,N/A,N/A,N/A,N/A,N/A
615803,r,s,head,29,N/A
1402236,N/A,N/A,N/A,N/A,N/A
2016638,N/A,N/A,N/A,N/A,N/A
1951105,l,m,1,165,N/A
1516938,N/A,N/A,N/A,N/A,N/A
689547,l,i,2,N/A,3
1385867,N/A,N/A,N/A,N/A,N/A
1836430,N/A,N/A,N/A,N/A,N/A
1631633,l,N/A,2,N/A,N/A
1336723,l,s,head,24,N/A
1590675,r,N/A,3,N/A,N/A
2008469,l,s,2,89,N/A
181663,l,s,head,96,N/A
1361317,l,i,head,120,N/A
1574311,l,N/A,3,N/A,N/A
1648045,N/A,N/A,N/A,N/A,N/A
1951150,N/A,N/A,N/A,N/A,N/A
2033073,N/A,N/A,N/A,N/A,N/A
1295794,N/A,N/A,N/A,N/A,N/A
1582515,N/A,N/A,N/A,N/A,N/A
943540,l,N/A,0,N/A,N/A
1312181,r,s,head,49,N/A
2008501,l,N/A,N/A,N/A,N/A
804282,r,N/A,1,N/A,N/A
1312187,r,s,head,97,N/A
738760,l,s,head,88,15
550345,l,s,head,29,N/A
1156554,l,s,head,138,8
1820104,N/A,N/A,N/A,N/A,N/A
280016,r,i,2,N/A,N/A
1238488,l,N/A,1,N/A,N/A
1574360,r,N/A,3,N/A,N/A
1549787,l,m,1,N/A,N/A
1517020,l,N/A,2,N/A,N/A
1230301,r,N/A,2,N/A,N/A
1648091,N/A,N/A,N/A,N/A,N/A
1312224,r,i,head,N/A,N/A
2008544,r,m,2,162,N/A
1934818,r,i,3,N/A,1
525800,l,i,3,79,7
1525235,l,m,2,N/A,N/A
1574394,r,N/A,3,N/A,N/A
58877,l,s,head,1,N/A
1959421,l,i,2,N/A,1
1361412,l,s,3,80,N/A
1476102,l,N/A,2,N/A,3
1787398,N/A,N/A,N/A,N/A,N/A
837128,l,s,head,31,N/A
1525257,r,m,2,62,N/A
2008588,l,s,2,80,N/A
1279508,r,s,pygidium,98,9
2008597,N/A,N/A,N/A,N/A,N/A
1541658,r,s,pygidium,N/A,9
1689115,N/A,N/A,N/A,N/A,N/A
140828,r,m,head,85,N/A
1279518,r,s,pygidium,80,9
1312289,r,i,pygidium,147,1
1279525,r,s,pygidium,98,9
26163,r,s,head,1,N/A
1361460,l,s,1,80,N/A
1279543,r,s,pygidium,98,9
1353272,N/A,N/A,N/A,N/A,N/A
452157,l,s,head,129,N/A
673344,l,s,head,141,N/A
493121,r,i,2,N/A,7
1631808,r,N/A,2,N/A,N/A
1656387,N/A,N/A,N/A,N/A,N/A
1959492,r,s,head,N/A,N/A
2008640,l,s,2,71,N/A
1361481,l,s,1,80,N/A
1328714,r,s,head,29,N/A
1279563,r,s,pygidium,101,9
1377866,r,s,head,16,N/A
1295953,l,i,2,N/A,3
1361489,r,s,1,91,N/A
1443411,r,s,1,71,N/A
452180,r,s,head,139,N/A
1459796,r,N/A,pygidium,N/A,N/A
1353303,r,i,3,N/A,5
58968,l,s,head,1,N/A
1361497,r,s,1,80,N/A
2008663,l,s,2,80,N/A
1279584,r,N/A,pygidium,N/A,N/A
1721958,N/A,N/A,N/A,N/A,N/A
1394281,l,s,2,91,N/A
1312363,l,i,2,177,4
1369708,N/A,N/A,N/A,N/A,N/A
2008684,N/A,N/A,N/A,N/A,N/A
386671,l,i,head,58,13
2016881,r,i,1,N/A,3
1738354,N/A,N/A,N/A,N/A,N/A
1656440,l,i,1,N/A,3
2131576,N/A,N/A,N/A,N/A,N/A
1123964,r,s,head,29,N/A
1279612,r,N/A,3,N/A,N/A
1345150,l,i,head,N/A,N/A
1730175,l,s,pygidium,N/A,9
2016896,l,m,head,N/A,N/A
198277,r,N/A,head,N/A,N/A
1312390,l,i,3,N/A,7
1435271,r,N/A,3,N/A,N/A
2016902,r,m,head,N/A,N/A
108173,r,i,head,125,N/A
575119,r,N/A,2,N/A,N/A
1975953,N/A,N/A,N/A,N/A,N/A
1640084,l,N/A,N/A,N/A,N/A
1943188,N/A,N/A,N/A,N/A,N/A
1050266,N/A,N/A,N/A,N/A,N/A
1386139,l,i,3,N/A,4
1648285,N/A,N/A,N/A,N/A,N/A
1582753,N/A,N/A,N/A,N/A,N/A
1697442,N/A,N/A,N/A,N/A,N/A
1590954,r,N/A,3,N/A,N/A
2008748,N/A,N/A,N/A,N/A,N/A
1418928,lc,s,head,132,N/A
1115832,r,i,head,N/A,N/A
1459897,N/A,N/A,N/A,N/A,N/A
83642,l,s,head,111,N/A
1386171,N/A,N/A,N/A,N/A,N/A
1435324,l,m,3,N/A,N/A
1353407,N/A,N/A,N/A,N/A,N/A
1402559,l,s,head,163,N/A
1386177,l,s,pygidium,115,9
1656520,l,N/A,1,N/A,N/A
1656524,l,N/A,1,N/A,N/A
1345237,r,i,head,N/A,N/A
1328854,r,i,head,171,N/A
1410776,r,i,3,N/A,3
607961,r,N/A,1,N/A,N/A
493278,r,s,head,46,N/A
796391,r,s,head,100,N/A
247535,l,s,head,134,N/A
1320688,N/A,N/A,N/A,N/A,N/A
57341,r,s,head,33,N/A
1312505,r,m,1,N/A,N/A
1976063,r,i,3,N/A,1
493317,l,i,head,N/A,N/A
1328909,r,s,head,N/A,N/A
1730319,N/A,N/A,N/A,N/A,N/A
1533713,N/A,N/A,N/A,N/A,N/A
1591058,l,N/A,2,N/A,N/A
1320728,N/A,N/A,N/A,N/A,N/A
1435418,l,m,3,N/A,N/A
1500956,r,N/A,2,N/A,N/A
1460009,r,i,pygidium,146,3
1419056,l,s,head,137,N/A
1345331,N/A,N/A,N/A,N/A,N/A
1681204,N/A,N/A,N/A,N/A,N/A
1607477,r,N/A,2,N/A,N/A
1345337,r,m,2,N/A,N/A
1648444,l,N/A,3,N/A,N/A
1779518,l,m,1,N/A,N/A
1435458,l,N/A,3,N/A,N/A
1312586,r,i,1,N/A,3
1419083,r,N/A,3,N/A,N/A
1394518,l,N/A,2,N/A,N/A
575319,r,N/A,2,N/A,N/A
1427287,l,i,3,N/A,N/A
1558360,r,N/A,0,N/A,N/A
1320798,lc,s,head,N/A,N/A
1386336,l,i,3,N/A,7
1468265,r,m,2,N/A,N/A
1558377,r,N/A,0,N/A,N/A
1402736,l,i,2,N/A,N/A
1582964,r,i,1,N/A,2
1312647,r,s,2,90,N/A
411531,l,i,head,57,N/A
1460107,r,N/A,2,N/A,N/A
1378190,r,i,1,N/A,2
223119,N/A,N/A,N/A,N/A,N/A
1419152,l,s,head,112,N/A
1427342,N/A,N/A,N/A,N/A,N/A
1460113,l,m,3,N/A,N/A
542612,r,N/A,head,N/A,N/A
1304469,r,i,head,126,N/A
1337238,l,i,head,118,N/A
1435540,r,N/A,1,N/A,N/A
1173400,r,i,3,N/A,N/A
690083,N/A,N/A,N/A,N/A,N/A
1525669,l,i,2,169,3
1312678,l,i,1,60,7
1271721,l,i,head,N/A,N/A
1337258,l,i,head,N/A,12
608173,r,N/A,1,N/A,N/A
206767,l,N/A,head,N/A,N/A
1673139,l,N/A,2,N/A,N/A
190388,N/A,N/A,N/A,N/A,N/A
1345461,r,i,head,152,12
1845175,r,i,2,N/A,N/A
1435591,r,m,3,N/A,N/A
1583047,l,N/A,3,N/A,N/A
1755080,l,m,2,N/A,N/A
1337294,l,i,head,122,N/A
1378254,N/A,N/A,N/A,N/A,N/A
2000850,l,i,2,154,3
1443798,l,N/A,3,N/A,N/A
575448,r,N/A,2,N/A,N/A
1320921,l,i,head,N/A,13
1312731,l,s,1,71,N/A
1533917,l,N/A,1,N/A,N/A
1271778,r,s,head,148,N/A
370662,l,i,head,57,N/A
1443817,N/A,N/A,N/A,N/A,N/A
1320938,l,i,head,N/A,N/A
1312751,N/A,N/A,N/A,N/A,N/A
2000882,l,N/A,2,N/A,N/A
1697791,N/A,N/A,N/A,N/A,N/A
600071,r,N/A,2,N/A,N/A
1329166,l,i,2,N/A,7
2000911,l,N/A,3,N/A,N/A
1542162,N/A,N/A,N/A,N/A,N/A
436248,l,s,head,39,N/A
1280027,r,m,1,59,N/A
1370141,N/A,N/A,N/A,N/A,N/A
1632286,r,N/A,2,N/A,N/A
2033694,N/A,N/A,N/A,N/A,N/A
1558573,N/A,N/A,N/A,N/A,N/A
1386544,l,N/A,3,N/A,4
1329204,l,s,head,N/A,N/A
1411126,r,i,3,N/A,4
2017334,N/A,N/A,N/A,N/A,N/A
1845305,r,i,2,N/A,1
1697854,r,m,3,62,N/A
1411136,r,i,3,N/A,N/A
1615940,N/A,N/A,N/A,N/A,N/A
1837125,r,s,2,80,N/A
1271884,r,i,head,N/A,N/A
1304654,l,i,1,109,N/A
1484878,l,N/A,0,N/A,N/A
1525838,N/A,N/A,N/A,N/A,N/A
1321044,l,i,head,N/A,N/A
1468500,r,N/A,2,N/A,6
1370203,r,s,3,N/A,N/A
1583195,r,i,1,N/A,6
1329247,r,i,head,N/A,N/A
1394792,l,s,2,80,N/A
1665129,r,m,1,N/A,N/A
1845358,N/A,N/A,N/A,N/A,N/A
2001006,l,m,2,N/A,N/A
1271920,r,i,head,N/A,N/A
1828978,l,i,2,N/A,3
813171,l,i,head,N/A,N/A
2017398,N/A,N/A,N/A,N/A,N/A
174199,l,s,head,92,N/A
1271928,l,s,head,N/A,N/A
1493112,N/A,N/A,N/A,N/A,N/A
1583223,N/A,N/A,N/A,N/A,N/A
1419394,l,N/A,3,N/A,N/A
1280134,l,s,2,143,N/A
1427590,N/A,N/A,N/A,N/A,N/A
1509512,r,i,1,N/A,7
1755270,N/A,N/A,N/A,N/A,N/A
1329299,r,i,head,83,7
1829012,N/A,N/A,N/A,N/A,N/A
1403030,N/A,N/A,N/A,N/A,N/A
1468567,r,i,2,N/A,1
854174,r,i,head,127,N/A
1427617,r,i,2,N/A,4
960676,N/A,N/A,N/A,N/A,N/A
1968292,N/A,N/A,N/A,N/A,N/A
1845414,N/A,N/A,N/A,N/A,N/A
1345703,l,i,head,160,N/A
1484968,l,N/A,2,N/A,N/A
174256,r,N/A,head,N/A,N/A
1411256,l,i,2,N/A,N/A
1394876,l,i,3,N/A,N/A
485566,l,s,head,113,N/A
796862,r,s,head,29,N/A
1763522,r,m,1,156,N/A
1304775,r,i,head,21,N/A
1444039,l,N/A,2,N/A,N/A
608460,r,s,1,80,N/A
198864,r,N/A,head,N/A,N/A
1272016,r,N/A,head,N/A,N/A
67795,l,i,head,171,N/A
1403093,r,N/A,3,N/A,N/A
1394905,l,m,2,62,N/A
493786,r,i,head,124,12
1468636,r,m,2,107,N/A
1738973,N/A,N/A,N/A,N/A,N/A
1730785,l,s,2,91,N/A
1444070,l,N/A,2,N/A,N/A
1566960,r,m,2,159,N/A
1181940,r,m,3,61,N/A
518390,l,N/A,1,N/A,N/A
1427703,r,N/A,1,N/A,N/A
1485047,l,N/A,2,N/A,N/A
944377,l,N/A,0,N/A,N/A
1435899,N/A,N/A,N/A,N/A,N/A
1566972,r,N/A,2,N/A,N/A
2017535,r,i,head,N/A,12
936192,l,N/A,3,N/A,N/A
1427724,N/A,N/A,N/A,N/A,N/A
1394963,l,m,2,106,N/A
59671,r,s,head,1,N/A
1632536,l,N/A,2,N/A,N/A
108826,l,m,head,85,N/A
1567002,r,N/A,2,N/A,N/A
1730843,r,i,3,N/A,4
1239327,l,m,3,65,N/A
1648927,l,N/A,2,N/A,N/A
780577,r,s,head,172,N/A
370978,r,s,pygidium,54,9
1673505,r,N/A,2,N/A,N/A
1706274,N/A,N/A,N/A,N/A,N/A
10536,l,s,head,1,N/A
575787,r,N/A,2,N/A,N/A
1829164,r,i,1,150,2
1550645,N/A,N/A,N/A,N/A,N/A
837942,l,s,head,13,N/A
1304890,N/A,N/A,N/A,N/A,N/A
1419579,N/A,N/A,N/A,N/A,N/A
1452348,r,N/A,pygidium,N/A,N/A
1845563,l,i,2,109,N/A
1648958,l,N/A,2,N/A,N/A
1345862,l,s,N/A,167,N/A
1280329,r,i,1,N/A,1
108877,N/A,N/A,N/A,N/A,N/A
1567054,l,N/A,2,N/A,N/A
35154,r,i,head,N/A,N/A
1730901,l,s,head,100,15
1116504,r,s,head,N/A,N/A
1157465,l,i,head,N/A,N/A
1567066,r,N/A,N/A,N/A,N/A
1304924,r,i,2,79,7
1829214,r,i,2,154,3
1485154,l,N/A,0,N/A,N/A
1460581,N/A,N/A,N/A,N/A,N/A
1313126,l,i,pygidium,146,3
1321320,N/A,N/A,N/A,N/A,N/A
1370473,l,i,head,N/A,N/A
1829226,N/A,N/A,N/A,N/A,N/A
575853,r,N/A,2,N/A,N/A
1599859,N/A,N/A,N/A,N/A,N/A
313716,r,i,head,7,N/A
1419639,l,i,1,N/A,2
1362300,l,i,3,N/A,3
1403261,r,i,1,N/A,2
1952126,N/A,N/A,N/A,N/A,N/A
1304968,r,i,head,23,N/A
1304979,r,i,head,N/A,N/A
1477012,N/A,N/A,N/A,N/A,N/A
1395094,r,i,3,N/A,3
1460631,r,i,2,N/A,1
1739164,l,N/A,2,N/A,1
1304990,r,i,1,78,7
1952161,l,s,2,N/A,N/A
1444259,N/A,N/A,N/A,N/A,N/A
1952169,N/A,N/A,N/A,N/A,N/A
1763759,r,m,3,159,N/A
1493426,l,i,1,N/A,6
27064,r,s,head,1,N/A
1739198,l,i,1,158,4
1051076,r,N/A,2,N/A,N/A
1026501,r,m,3,64,N/A
1337798,r,s,3,80,N/A
518599,l,N/A,1,N/A,N/A
1386950,r,i,3,N/A,4
1731014,r,i,2,N/A,6
92619,l,i,head,124,12
1337804,r,s,3,91,N/A
1436108,l,m,2,165,N/A
174545,l,N/A,head,N/A,N/A
1329618,l,N/A,N/A,N/A,N/A
1386964,l,N/A,3,N/A,N/A
1018325,l,i,1,N/A,4
1567189,r,m,2,63,N/A
1354209,l,i,2,N/A,1
207330,l,N/A,head,N/A,N/A
1133028,N/A,N/A,N/A,N/A,N/A
1567204,r,N/A,2,N/A,N/A
1952229,N/A,N/A,N/A,N/A,N/A
1378791,l,i,1,N/A,5
2001380,l,i,2,N/A,1
84457,rc,N/A,head,N/A,N/A
2255347,N/A,N/A,N/A,N/A,N/A
1731062,r,s,3,71,N/A
1624567,l,i,2,108,N/A
584184,l,i,head,N/A,N/A
1411577,r,s,head,32,N/A
2001402,N/A,N/A,N/A,N/A,N/A
1214973,l,s,head,13,N/A
1477119,r,m,2,N/A,N/A
1845760,r,s,2,71,N/A
1329666,r,s,head,N/A,15
1321475,r,i,head,75,13
1427971,l,N/A,N/A,N/A,N/A
1690116,r,s,2,91,N/A
1075718,l,s,head,27,N/A
190983,r,i,head,23,N/A
2009602,r,i,2,N/A,3
1411593,r,s,head,32,N/A
1419787,r,s,head,N/A,N/A
1296919,r,i,1,N/A,N/A
1714711,r,i,1,N/A,N/A
1280537,r,i,head,N/A,N/A
1411609,r,i,head,N/A,N/A
1460772,r,m,2,64,N/A
1215017,r,i,head,140,13
1968682,l,i,2,N/A,N/A
1411627,l,s,head,29,N/A
1075760,r,s,head,13,N/A
1591857,N/A,N/A,N/A,N/A,N/A
1567283,r,N/A,2,N/A,N/A
1821239,N/A,N/A,N/A,N/A,N/A
1321532,l,i,head,N/A,12
1370693,r,i,0,N/A,1
1460810,l,N/A,2,N/A,N/A
1616478,N/A,N/A,N/A,N/A,N/A
1657438,N/A,N/A,N/A,N/A,N/A
387680,l,i,head,N/A,N/A
1387104,l,i,pygidium,147,N/A
1608290,l,i,1,N/A,7
1501795,l,N/A,1,N/A,N/A
1616482,l,i,2,N/A,N/A
1845855,r,i,3,N/A,1
518764,l,N/A,2,N/A,N/A
1616492,r,i,2,N/A,7
1501807,l,N/A,1,N/A,N/A
1608303,N/A,N/A,N/A,N/A,N/A
780915,l,i,head,N/A,12
1976948,N/A,N/A,N/A,N/A,N/A
1739384,r,m,1,151,N/A
1378941,r,N/A,2,N/A,N/A
1567361,r,i,1,N/A,N/A
1411715,r,s,head,137,N/A
117385,l,i,head,53,12
1272459,r,i,head,117,12
1632907,l,N/A,pygidium,N/A,N/A
486036,l,s,head,29,N/A
1354390,l,i,head,21,N/A
1501849,r,N/A,0,N/A,N/A
60061,l,m,head,9,N/A
273055,l,N/A,head,N/A,N/A
1338017,l,N/A,1,N/A,N/A
1108642,l,s,head,13,N/A
1354406,l,i,head,120,N/A
1796774,N/A,N/A,N/A,N/A,N/A
1092264,l,s,head,103,N/A
649899,l,i,head,N/A,N/A
346796,r,s,head,N/A,8
1378988,N/A,N/A,N/A,N/A,N/A
1354415,N/A,N/A,N/A,N/A,N/A
1501871,r,N/A,1,N/A,N/A
1125044,l,s,head,13,N/A
1460921,r,i,2,N/A,N/A
1280701,N/A,N/A,N/A,N/A,N/A
1731263,l,s,3,N/A,N/A
2312895,N/A,N/A,N/A,N/A,N/A
1321665,r,i,head,124,12
764615,l,i,2,N/A,1
1321672,r,i,head,123,N/A
1387208,r,N/A,3,N/A,N/A
1403591,N/A,N/A,N/A,N/A,N/A
1272523,r,i,head,N/A,N/A
494284,N/A,N/A,N/A,N/A,N/A
1485520,N/A,N/A,N/A,N/A,N/A
1272534,l,i,head,N/A,N/A
1329884,r,i,head,N/A,N/A
2312931,N/A,N/A,N/A,N/A,N/A
1731304,r,i,1,73,7
1321713,l,m,head,178,N/A
2001649,N/A,N/A,N/A,N/A,N/A
1796852,N/A,N/A,N/A,N/A,N/A
1477378,r,i,2,N/A,2
1313540,N/A,N/A,N/A,N/A,N/A
1616645,r,i,3,N/A,1
1960708,N/A,N/A,N/A,N/A,N/A
1403656,l,m,2,68,N/A
1329930,l,i,2,N/A,6
1608465,N/A,N/A,N/A,N/A,N/A
1583898,l,N/A,0,N/A,N/A
1354525,r,i,head,121,N/A
1649437,l,N/A,1,N/A,N/A
1674019,r,i,2,155,3
1567524,N/A,N/A,N/A,N/A,N/A
183077,l,s,head,96,N/A
1436454,l,i,3,N/A,N/A
1960743,N/A,N/A,N/A,N/A,N/A
944941,l,N/A,1,N/A,N/A
478001,r,i,3,N/A,1
1329970,r,i,head,N/A,N/A
1616689,N/A,N/A,N/A,N/A,N/A
1747762,N/A,N/A,N/A,N/A,N/A
1420085,l,i,3,N/A,3
674618,N/A,i,head,42,N/A
1346362,r,i,head,N/A,N/A
1379133,N/A,N/A,N/A,N/A,N/A
1690429,r,m,1,N/A,N/A
1313602,r,i,1,N/A,5
1567572,r,s,2,95,N/A
1821526,N/A,N/A,N/A,N/A,N/A
469848,r,i,head,N/A,N/A
592728,r,N/A,1,N/A,N/A
1272664,r,s,head,100,N/A
1436506,r,i,2,N/A,6
1395556,l,m,2,61,N/A
101233,l,N/A,head,N/A,N/A
1264498,l,i,head,N/A,12
1305461,l,i,1,N/A,2
248696,l,s,head,133,N/A
11135,l,s,head,1,N/A
1411967,l,N/A,head,N/A,N/A
1354628,r,i,head,N/A,N/A
1584011,l,N/A,2,N/A,N/A
1272719,l,s,head,100,N/A
1026962,r,m,3,65,N/A
1649555,l,N/A,1,N/A,N/A
1305492,l,m,1,N/A,N/A
355224,l,i,head,23,N/A
1436570,l,i,2,180,N/A
1395614,r,N/A,2,N/A,N/A
1837982,r,s,2,71,N/A
1280930,l,m,2,N/A,N/A
1387435,r,m,3,66,N/A
1846187,l,i,1,N/A,4
1379252,l,N/A,3,N/A,N/A
1354681,l,i,head,N/A,N/A
265148,r,s,head,134,N/A
1395647,l,m,2,64,N/A
1305540,N/A,N/A,N/A,N/A,N/A
1444805,r,N/A,3,N/A,N/A
1387465,l,s,3,71,N/A
1420237,r,i,2,73,7
1756110,N/A,N/A,N/A,N/A,N/A
1395664,r,N/A,1,N/A,N/A
568273,r,N/A,0,N/A,N/A
1387474,l,i,1,73,7
1453008,l,i,1,N/A,N/A
1117148,r,s,head,N/A,11
1166300,r,m,1,87,N/A
568290,r,N/A,1,N/A,N/A
1633251,l,N/A,2,N/A,N/A
445419,r,i,pygidium,147,1
1395692,r,N/A,1,N/A,N/A
224238,lr,i,2,N/A,3
1575931,N/A,N/A,N/A,N/A,N/A
1068035,N/A,N/A,N/A,N/A,N/A
68613,r,i,head,3,N/A
1395717,r,N/A,1,N/A,N/A
1616901,N/A,N/A,N/A,N/A,N/A
1633288,l,N/A,2,N/A,N/A
1387530,l,m,3,159,N/A
1420302,l,m,3,N/A,N/A
633874,r,s,head,40,N/A
1395731,r,N/A,1,N/A,N/A
2337812,r,s,head,N/A,15
1354776,r,i,head,N/A,N/A
945180,r,i,2,N/A,3
1551388,N/A,N/A,N/A,N/A,N/A
1797151,N/A,N/A,N/A,N/A,N/A
1166368,r,i,3,N/A,7
2296864,r,i,head,N/A,N/A
1436707,l,N/A,3,N/A,N/A
1281060,r,s,head,100,N/A
1674291,l,m,1,162,N/A
1543220,N/A,N/A,N/A,N/A,N/A
1420342,l,N/A,3,N/A,N/A
19515,r,s,head,1,N/A
715837,r,m,1,63,N/A
1797181,l,i,head,175,13
1436736,l,N/A,3,N/A,N/A
1797187,l,i,head,N/A,13
1420356,l,N/A,3,N/A,N/A
1625158,l,s,3,80,N/A
1387597,l,N/A,2,N/A,N/A
1297489,r,m,1,66,N/A
1592405,l,N/A,1,N/A,N/A
1985623,N/A,N/A,N/A,N/A,N/A
1453145,r,N/A,1,N/A,N/A
306267,r,N/A,head,N/A,N/A
1297501,l,i,1,N/A,2
1387613,r,m,head,166,N/A
167009,l,N/A,head,N/A,N/A
1150049,r,N/A,1,N/A,N/A
1715298,r,N/A,head,N/A,N/A
1338468,l,i,head,152,12
289898,l,s,head,45,N/A
961644,r,m,2,N/A,N/A
1272941,l,s,head,100,15
1166446,r,s,pygidium,98,9
1281133,N/A,N/A,N/A,N/A,N/A
1420398,r,N/A,head,N/A,N/A
1764464,l,s,2,80,N/A
1928306,N/A,N/A,N/A,N/A,N/A
2010225,l,i,2,N/A,3
1469561,r,i,2,N/A,2
1551483,r,i,2,105,N/A
1420415,l,m,1,N/A,N/A
756864,l,i,head,N/A,N/A
1395840,l,i,2,N/A,1
1731718,r,i,3,N/A,4
1485960,l,N/A,2,N/A,N/A
1281169,r,s,head,80,N/A
1420440,l,N/A,3,N/A,N/A
1387674,l,i,3,N/A,N/A
1330333,l,i,head,N/A,N/A
1485984,l,N/A,1,N/A,N/A
273576,r,s,head,133,N/A
1420457,l,N/A,3,N/A,N/A
1461417,l,N/A,2,N/A,N/A
1576108,l,N/A,3,N/A,N/A
1854639,r,i,head,N/A,13
1608880,N/A,N/A,N/A,N/A,N/A
1379511,r,i,2,N/A,6
1420472,l,N/A,3,N/A,N/A
1273022,r,s,head,20,N/A
1576129,l,N/A,3,N/A,N/A
2010309,r,m,1,N/A,N/A
1346759,l,s,head,100,N/A
1420496,l,N/A,3,N/A,N/A
1486039,l,N/A,1,N/A,N/A
1420504,l,N/A,3,N/A,N/A
2297049,N/A,N/A,N/A,N/A,N/A
1658076,N/A,N/A,N/A,N/A,N/A
1379550,N/A,N/A,N/A,N/A,N/A
1420510,l,N/A,3,N/A,N/A
1436895,r,i,3,N/A,N/A
1354979,l,i,1,73,7
2010340,r,i,1,N/A,2
1617129,r,i,2,109,N/A
1330410,r,i,head,N/A,N/A
1740016,N/A,N/A,N/A,N/A,N/A
1420530,r,N/A,3,N/A,N/A
1600760,r,i,1,79,7
1420539,r,N/A,2,N/A,N/A
1404156,N/A,N/A,N/A,N/A,N/A
486654,r,s,head,136,N/A
1092863,l,s,head,29,N/A
175367,l,N/A,head,N/A,N/A
1395980,l,m,1,N/A,N/A
27917,r,s,head,1,N/A
1412365,N/A,N/A,N/A,N/A,N/A
1600781,N/A,N/A,N/A,N/A,N/A
1051922,r,N/A,3,N/A,N/A
945427,l,N/A,1,N/A,N/A
1854746,r,m,1,N/A,N/A
1953050,l,m,2,161,N/A
298270,l,s,head,41,N/A
1633569,l,N/A,2,N/A,N/A
1518882,N/A,N/A,N/A,N/A,N/A
1346858,l,i,head,N/A,N/A
1273131,r,i,head,160,N/A
1445167,r,N/A,2,N/A,N/A
1953072,N/A,N/A,N/A,N/A,N/A
1281333,r,s,head,100,N/A
1486136,l,i,2,N/A,4
1977656,N/A,N/A,N/A,N/A,N/A
1600828,r,i,2,N/A,6
1273155,l,s,head,40,N/A
1600836,r,i,1,N/A,4
1355081,r,m,2,106,N/A
1330509,r,s,head,25,N/A
1789261,r,i,head,N/A,12
118101,r,s,head,37,N/A
798041,r,i,head,76,N/A
1559897,r,N/A,2,N/A,N/A
1314140,r,i,2,N/A,6
1412448,N/A,N/A,N/A,N/A,N/A
1305955,l,N/A,1,N/A,N/A
1396068,l,i,1,N/A,N/A
1437030,r,i,3,79,7
1674603,N/A,N/A,N/A,N/A,N/A
1338735,r,s,2,80,N/A
1363312,r,i,head,120,N/A
1731953,r,i,2,157,7
1363316,l,i,head,N/A,N/A
1813880,r,m,2,N/A,N/A
568702,r,N/A,1,N/A,N/A
445828,l,i,2,79,7
568710,r,N/A,1,N/A,N/A
1224072,l,s,head,49,N/A
1281424,l,i,pygidium,146,3
1559953,r,N/A,1,N/A,N/A
1617305,N/A,N/A,N/A,N/A,N/A
1404314,r,N/A,0,N/A,N/A
707997,l,i,3,N/A,7
1306016,r,s,head,N/A,N/A
1756581,r,s,2,91,N/A
454054,l,s,head,29,N/A
1486247,r,m,2,64,N/A
1609129,l,i,1,N/A,N/A
1412525,N/A,N/A,N/A,N/A,N/A
183731,r,N/A,head,N/A,N/A
1281473,r,i,2,N/A,3
1404358,r,N/A,1,N/A,N/A
1412560,r,i,2,73,7
1592784,r,N/A,1,N/A,N/A
11731,l,s,head,1,N/A
1355223,r,i,2,N/A,1
1404375,r,N/A,1,N/A,N/A
1650135,l,N/A,head,N/A,N/A
1404382,l,N/A,1,N/A,N/A
1052127,r,m,3,N/A,N/A
1412575,r,s,1,101,N/A
1953248,N/A,N/A,N/A,N/A,N/A
1371619,r,i,head,116,N/A
1404388,r,N/A,1,N/A,N/A
708069,r,N/A,2,N/A,N/A
1576419,N/A,N/A,N/A,N/A,N/A
1928680,r,i,head,N/A,12
1453547,r,i,1,N/A,7
1789424,l,i,head,N/A,N/A
1625586,l,N/A,2,N/A,N/A
1732095,l,i,2,73,7
1830400,N/A,N/A,N/A,N/A,N/A
1576450,l,N/A,3,N/A,N/A
1338884,l,i,2,N/A,6
1732104,N/A,N/A,N/A,N/A,N/A
1273359,l,i,head,21,N/A
1732111,r,m,head,84,N/A
839186,l,s,head,N/A,N/A
1306131,r,s,head,13,N/A
2338322,N/A,N/A,N/A,N/A,N/A
85530,l,i,head,10,N/A
1486363,r,m,2,64,N/A
1322525,l,i,head,N/A,N/A
1732125,l,i,head,N/A,14
1306147,r,s,head,N/A,N/A
1338917,l,m,1,66,N/A
1855014,l,i,1,N/A,3
1068584,r,s,head,13,N/A
519721,l,N/A,2,N/A,N/A
1273386,N/A,N/A,N/A,N/A,N/A
1306155,r,s,head,N/A,N/A
1478193,l,N/A,2,N/A,N/A
1928754,r,i,head,N/A,12
192051,r,s,head,88,15
1388085,l,N/A,3,N/A,N/A
1297975,l,m,2,64,N/A
347709,r,i,head,N/A,N/A
1379902,r,N/A,2,N/A,N/A
1797698,r,m,3,N/A,N/A
1396291,N/A,N/A,N/A,N/A,N/A
1920579,l,i,2,79,7
1846855,r,i,3,79,7
208456,l,N/A,head,N/A,N/A
1003081,l,s,head,100,15
1592906,r,N/A,1,N/A,N/A
593488,r,N/A,0,N/A,N/A
1437264,N/A,N/A,N/A,N/A,N/A
1445460,l,N/A,3,N/A,N/A
1461846,r,i,2,N/A,3
1732185,r,N/A,2,N/A,N/A
1322586,r,i,head,N/A,N/A
1396320,r,i,2,N/A,3
1076839,l,N/A,head,N/A,N/A
1437289,N/A,N/A,N/A,N/A,N/A
708202,l,i,3,74,7
1453675,r,N/A,3,N/A,N/A
1355372,l,m,head,19,N/A
1396335,r,m,1,N/A,N/A
1592945,r,N/A,1,N/A,N/A
1617521,l,N/A,3,N/A,N/A
1314425,l,i,head,119,N/A
1576570,N/A,N/A,N/A,N/A,N/A
1584762,r,N/A,1,N/A,N/A
1830524,l,i,1,N/A,3
1339008,l,m,2,N/A,N/A
708228,l,i,2,79,7
1306246,l,N/A,0,N/A,N/A
1846918,l,m,3,N/A,N/A
503432,l,i,head,N/A,N/A
2018953,N/A,N/A,N/A,N/A,N/A
2313870,N/A,N/A,N/A,N/A,N/A
1330831,r,i,head,N/A,N/A
1339023,r,i,2,177,4
1633938,l,N/A,2,N/A,N/A
1322645,l,s,head,N/A,N/A
1347222,r,N/A,pygidium,N/A,N/A
1396374,r,i,1,N/A,3
1224344,l,N/A,0,N/A,N/A
1404567,l,i,1,150,2
2313882,l,i,pygidium,147,1
1306268,r,s,head,13,N/A
1379998,l,N/A,2,N/A,N/A
1658527,r,N/A,2,N/A,N/A
421537,r,N/A,N/A,N/A,N/A
1732257,r,i,3,N/A,3
1355427,r,s,head,N/A,N/A
1158821,r,s,head,N/A,N/A
1633963,l,N/A,2,N/A,N/A
1830577,N/A,N/A,N/A,N/A,N/A
298685,l,s,head,N/A,N/A
1347263,r,s,pygidium,98,9
1306304,N/A,N/A,N/A,N/A,N/A
1461953,l,m,2,64,N/A
1486527,l,N/A,3,N/A,N/A
77507,l,s,head,18,N/A
1609407,l,N/A,1,N/A,N/A
1633987,l,N/A,2,N/A,N/A
1593030,r,N/A,1,N/A,N/A
1371847,r,i,head,N/A,N/A
1339080,l,N/A,3,N/A,N/A
1732295,r,i,3,154,3
1846984,N/A,N/A,N/A,N/A,N/A
1306315,l,N/A,0,N/A,N/A
1732300,r,i,pygidium,145,1
1584845,r,N/A,1,N/A,N/A
1928908,N/A,N/A,N/A,N/A,N/A
1339088,l,s,3,95,N/A
1273554,l,i,head,N/A,N/A
1732307,r,N/A,2,N/A,N/A
1568469,r,N/A,1,N/A,N/A
192214,r,s,head,100,15
1273563,l,i,head,N/A,N/A
1928926,r,m,1,N/A,N/A
1732322,l,i,3,N/A,3
331495,r,i,head,N/A,N/A
2010859,r,i,2,N/A,3
1306349,r,s,1,81,N/A
77552,l,s,head,114,N/A
1732338,l,i,2,155,3
1830642,r,m,2,N/A,N/A
1478389,l,N/A,3,N/A,N/A
167671,l,s,head,33,N/A
1568505,r,N/A,0,N/A,N/A
1347325,N/A,N/A,N/A,N/A,N/A
1732349,l,s,2,81,N/A
1486591,l,N/A,3,N/A,N/A
519936,l,N/A,3,N/A,N/A
192257,r,s,head,88,15
1453826,l,N/A,3,N/A,N/A
1617669,r,N/A,2,N/A,N/A
1421064,r,i,3,79,7
1363722,l,N/A,1,N/A,N/A
1371922,r,i,1,105,N/A
1715988,N/A,N/A,N/A,N/A,N/A
1224471,l,N/A,1,N/A,N/A
1568536,r,N/A,1,N/A,N/A
2002715,N/A,N/A,N/A,N/A,N/A
1625884,l,N/A,2,N/A,N/A
1568544,r,N/A,1,N/A,N/A
2010915,r,i,2,176,6
1486628,l,N/A,3,N/A,N/A
1568555,r,N/A,0,N/A,N/A
1339180,l,i,3,N/A,N/A
896817,r,i,head,N/A,N/A
2010932,N/A,N/A,N/A,N/A,N/A
1380150,r,i,1,N/A,4
1486647,l,N/A,3,N/A,N/A
1314620,l,N/A,2,N/A,N/A
44863,l,s,head,172,N/A
2019137,r,i,head,N/A,13
192323,r,s,head,88,15
1732420,l,i,head,N/A,N/A
1027911,l,N/A,2,N/A,N/A
1560393,l,i,head,12,N/A
1027917,l,N/A,3,N/A,N/A
1347407,l,i,2,N/A,7
1355602,N/A,N/A,N/A,N/A,N/A
12115,l,s,head,1,N/A
1027923,l,N/A,3,N/A,N/A
1363796,l,s,1,71,N/A
585558,l,i,2,N/A,N/A
1568596,l,N/A,1,N/A,N/A
1331032,r,i,head,21,N/A
1732439,l,i,head,N/A,N/A
257885,r,i,head,7,N/A
1281886,l,s,head,131,N/A
1453917,N/A,N/A,N/A,N/A,N/A
1732448,l,i,head,55,12
1716071,N/A,N/A,N/A,N/A,N/A
110442,N/A,N/A,N/A,N/A,N/A
1781610,N/A,N/A,N/A,N/A,N/A
1855339,r,i,0,N/A,1
1814382,r,N/A,1,N/A,N/A
1568623,r,N/A,1,N/A,N/A
1929075,N/A,N/A,N/A,N/A,N/A
1396596,l,m,3,64,N/A
1920885,r,m,2,N/A,N/A
1585014,r,N/A,1,N/A,N/A
1027959,l,N/A,3,N/A,N/A
1306490,l,i,head,N/A,N/A
1978235,N/A,N/A,N/A,N/A,N/A
987008,r,i,1,77,7
1462145,l,m,1,N/A,N/A
1699713,l,s,3,91,N/A
1937281,l,i,2,N/A,4
1027978,l,N/A,2,N/A,N/A
1281939,l,s,head,20,N/A
1372056,l,s,0,N/A,N/A
1281947,N/A,N/A,N/A,N/A,N/A
1748893,N/A,N/A,N/A,N/A,N/A
77730,l,s,head,114,N/A
429993,l,s,head,31,N/A
380842,r,i,head,N/A,13
1322922,N/A,N/A,N/A,N/A,N/A
1314734,r,i,head,21,N/A
1437617,l,i,1,N/A,7
192436,r,s,head,100,15
1224630,l,i,head,122,N/A
954295,r,i,1,N/A,7
1699767,l,i,3,N/A,1
593849,r,N/A,1,N/A,N/A
1757115,r,m,2,159,N/A
1486784,l,N/A,1,N/A,N/A
1626051,l,N/A,2,N/A,N/A
1281988,l,i,head,N/A,N/A
1363909,l,N/A,2,N/A,N/A
135113,l,i,2,N/A,N/A
577483,r,i,3,105,N/A
1355728,l,i,1,N/A,3
1462225,l,i,2,N/A,1
1126354,l,s,head,13,N/A
888787,r,N/A,1,N/A,N/A
1847252,l,s,0,167,N/A
1101784,l,s,head,13,N/A
774105,r,i,head,55,12
1306584,l,i,head,56,12
1486810,l,N/A,1,N/A,N/A
1298402,l,N/A,2,N/A,N/A
1396714,l,N/A,1,N/A,N/A
1306608,l,i,2,N/A,6
1339377,l,i,1,105,N/A
1462261,l,N/A,3,N/A,N/A
1077241,l,s,head,13,N/A
1298426,l,m,1,59,N/A
307194,rc,s,head,135,N/A
1429497,N/A,N/A,N/A,N/A,N/A
1429504,N/A,N/A,N/A,N/A,N/A
1339394,N/A,N/A,N/A,N/A,N/A
462854,N/A,N/A,N/A,N/A,N/A
1396746,N/A,N/A,N/A,N/A,N/A
1568781,r,N/A,1,N/A,N/A
1462290,l,i,2,N/A,1
1396762,l,N/A,1,N/A,N/A
1568802,l,N/A,1,N/A,N/A
1216549,r,m,3,69,N/A
1650725,r,i,1,N/A,1
290858,r,s,head,111,N/A
1298484,l,i,3,N/A,3
1396790,l,i,3,N/A,3
1077309,r,s,head,27,N/A
1699907,N/A,N/A,N/A,N/A,N/A
1388614,l,s,3,89,N/A
1560655,l,i,head,N/A,12
1265745,l,i,head,N/A,N/A
192595,r,s,head,88,15
577621,r,N/A,3,N/A,N/A
1732697,r,i,0,73,7
1372259,N/A,N/A,N/A,N/A,N/A
1486952,N/A,N/A,N/A,N/A,N/A
1388649,l,s,3,80,N/A
1847405,l,N/A,2,N/A,N/A
1314929,l,i,3,N/A,5
774258,l,N/A,head,N/A,N/A
1691763,l,s,3,71,N/A
1388660,l,s,3,89,N/A
1298552,l,s,head,97,N/A
364674,r,i,head,174,N/A
1355911,r,s,head,N/A,N/A
1421448,l,N/A,1,N/A,N/A
1609864,r,s,2,71,N/A
168075,l,N/A,head,N/A,N/A
1568912,l,N/A,head,N/A,N/A
1626256,N/A,N/A,N/A,N/A,N/A
1396899,r,N/A,3,N/A,N/A
1618091,r,i,pygidium,146,3
1274031,r,s,pygidium,80,9
1241266,r,m,3,64,N/A
1396918,r,N/A,3,N/A,N/A
1585339,r,N/A,1,N/A,N/A
1773755,N/A,N/A,N/A,N/A,N/A
1364158,l,i,3,79,7
1380543,r,i,3,N/A,1
1470654,l,i,head,140,13
1274053,l,s,pygidium,101,9
1462469,N/A,N/A,N/A,N/A,N/A
1323208,l,s,head,N/A,N/A
1700043,l,m,3,N/A,N/A
1667277,r,N/A,1,N/A,N/A
1560783,r,i,2,155,3
2011343,N/A,N/A,N/A,N/A,N/A
1315028,r,N/A,3,N/A,N/A
766165,l,s,head,34,N/A
1339608,l,i,head,153,12
397532,l,N/A,head,N/A,N/A
1847524,N/A,N/A,N/A,N/A,N/A
1347815,l,i,1,N/A,3
1700071,N/A,N/A,N/A,N/A,N/A
1306859,r,i,1,N/A,4
422125,l,i,1,77,7
1585394,r,N/A,1,N/A,N/A
1388788,r,i,3,N/A,1
1446136,l,N/A,1,N/A,N/A
1421566,l,m,3,N/A,N/A
1118465,l,s,head,13,N/A
1364226,r,m,1,162,N/A
1585416,l,N/A,1,165,N/A
1249546,l,m,2,64,N/A
1446155,N/A,N/A,N/A,N/A,N/A
1339663,l,N/A,0,N/A,N/A
463126,l,s,head,N/A,N/A
1626390,r,i,2,N/A,6
2306326,r,i,3,N/A,N/A
1306906,r,i,head,N/A,N/A
1397020,r,N/A,head,N/A,N/A
1265951,l,i,head,171,N/A
151847,l,s,head,1,N/A
1028395,r,N/A,3,N/A,N/A
110892,l,i,1,N/A,1
192812,r,s,head,88,15
1446191,r,i,2,N/A,1
1487151,r,N/A,3,N/A,N/A
1405233,l,N/A,head,N/A,N/A
1601839,l,N/A,2,N/A,N/A
1331507,r,s,head,32,N/A
1028407,r,N/A,3,N/A,N/A
1569080,l,N/A,3,N/A,N/A
143674,l,N/A,head,N/A,N/A
241978,r,s,head,5,N/A
1569091,l,N/A,3,N/A,N/A
1659211,N/A,N/A,N/A,N/A,N/A
1544524,l,s,head,31,N/A
1405261,l,N/A,0,N/A,N/A
1569102,l,N/A,3,N/A,N/A
201048,r,N/A,head,N/A,N/A
1364315,r,m,1,161,N/A
1487196,l,i,2,N/A,N/A
1339741,l,N/A,1,N/A,N/A
1569125,l,N/A,3,N/A,N/A
1339753,l,N/A,1,N/A,N/A
1741164,N/A,N/A,N/A,N/A,N/A
1683821,l,i,3,N/A,1
1069423,l,s,head,13,N/A
1397111,r,s,head,N/A,N/A
1282428,l,s,head,32,N/A
1315203,r,s,head,29,N/A
962948,r,i,2,N/A,7
1405317,l,N/A,head,N/A,N/A
1323402,l,s,head,N/A,N/A
160141,r,s,head,88,15
520593,l,N/A,1,N/A,N/A
1356178,l,i,2,N/A,4
1429907,N/A,N/A,N/A,N/A,N/A
1470866,N/A,N/A,N/A,N/A,N/A
1839508,r,i,2,N/A,1
1405336,l,N/A,0,N/A,N/A
1298844,l,s,head,25,N/A
594344,r,N/A,2,N/A,N/A
1298856,l,i,head,N/A,N/A
1593769,N/A,N/A,N/A,N/A,N/A
1855915,l,i,head,N/A,12
1683885,r,i,2,N/A,3
1380795,r,N/A,3,N/A,N/A
1855933,l,i,head,N/A,12
1315271,r,s,head,29,N/A
1847754,l,s,2,95,N/A
1405391,N/A,N/A,N/A,N/A,N/A
1298898,l,i,head,116,N/A
2027988,N/A,N/A,N/A,N/A,N/A
1626582,l,N/A,1,N/A,N/A
1405399,r,i,1,N/A,2
414173,N/A,N/A,N/A,N/A,N/A
1356253,l,i,head,N/A,N/A
1364445,l,i,1,79,7
1380835,r,N/A,3,N/A,N/A
1274342,N/A,N/A,N/A,N/A,N/A
1929705,N/A,N/A,N/A,N/A,N/A
1380843,r,N/A,1,N/A,N/A
45548,l,i,head,23,N/A
1282544,N/A,N/A,N/A,N/A,N/A
1446384,l,N/A,3,N/A,N/A
1487347,N/A,N/A,N/A,N/A,N/A
430600,l,s,head,N/A,N/A
1446409,N/A,N/A,N/A,N/A,N/A
1847818,l,s,2,95,N/A
1421839,l,m,3,62,N/A
184848,r,N/A,head,N/A,N/A
1323536,l,s,head,N/A,N/A
1692181,N/A,N/A,N/A,N/A,N/A
1282582,r,i,head,N/A,N/A
193047,r,s,head,88,15
1552918,r,N/A,2,N/A,N/A
954910,r,m,3,68,N/A
537119,l,i,head,N/A,N/A
537125,l,s,head,130,N/A
1364517,l,s,pygidium,80,9
1380903,l,i,3,N/A,N/A
1397285,r,i,3,N/A,3
1675823,r,s,1,N/A,N/A
520755,l,N/A,1,N/A,N/A
1421893,l,i,2,N/A,3
1274440,l,i,3,N/A,1
1725002,l,i,1,N/A,4
1397326,r,i,3,N/A,3
1839707,N/A,N/A,N/A,N/A,N/A
1307230,r,s,1,94,N/A
1331806,l,i,head,N/A,N/A
184928,r,N/A,head,N/A,N/A
1397346,l,i,3,N/A,2
1323621,r,m,3,107,N/A
1348199,l,i,head,N/A,N/A
1397352,l,i,2,N/A,N/A
1741418,l,m,1,64,N/A
1913451,r,N/A,2,N/A,N/A
1741422,l,m,1,64,N/A
1307247,r,s,1,94,N/A
1299058,r,i,head,N/A,N/A
1446515,r,i,3,N/A,N/A
1274485,l,i,3,N/A,N/A
1675901,l,i,1,N/A,4
111231,r,i,head,N/A,12
1626756,l,N/A,1,N/A,N/A
1979013,N/A,N/A,N/A,N/A,N/A
2003588,N/A,N/A,N/A,N/A,N/A
1438343,r,N/A,3,146,3
119436,r,i,head,53,12
1028750,l,N/A,2,N/A,N/A
1274514,N/A,N/A,N/A,N/A,N/A
1323673,N/A,N/A,N/A,N/A,N/A
1397402,N/A,N/A,N/A,N/A,N/A
1700509,N/A,N/A,N/A,N/A,N/A
1913503,N/A,N/A,N/A,N/A,N/A
1454752,l,N/A,2,N/A,N/A
1446561,l,i,2,N/A,3
21156,N/A,N/A,N/A,N/A,N/A
1323687,r,N/A,3,N/A,N/A
1831596,l,m,2,64,N/A
1413805,r,i,2,N/A,3
955074,r,m,2,61,N/A
1823435,N/A,N/A,N/A,N/A,N/A
37580,r,i,head,2,N/A
1381077,r,N/A,2,N/A,N/A
1381082,N/A,N/A,N/A,N/A,N/A
1413851,N/A,N/A,N/A,N/A,N/A
1823451,r,N/A,3,N/A,N/A
488162,l,s,head,114,N/A
1585890,r,N/A,1,N/A,N/A
1741539,r,i,2,N/A,N/A
660198,N/A,N/A,N/A,N/A,N/A
1274603,r,i,pygidium,146,3
1372913,l,m,2,107,N/A
1725169,r,i,2,N/A,7
1340149,N/A,N/A,N/A,N/A,N/A
1381112,r,N/A,2,N/A,N/A
979707,l,N/A,1,N/A,N/A
1323773,l,i,2,N/A,2
1454846,l,i,head,N/A,N/A
119551,N/A,N/A,N/A,N/A,N/A
1831679,l,m,2,66,N/A
463617,l,s,head,148,N/A
1381127,l,s,3,71,N/A
1356560,l,i,head,N/A,N/A
1397520,N/A,N/A,N/A,N/A,N/A
1692432,N/A,N/A,N/A,N/A,N/A
1913626,N/A,N/A,N/A,N/A,N/A
1323803,N/A,N/A,N/A,N/A,N/A
1536795,N/A,N/A,N/A,N/A,N/A
1405726,l,i,2,N/A,7
1856288,l,i,1,N/A,1
1364769,r,s,head,97,N/A
1135395,r,m,3,128,N/A
1626922,l,N/A,1,N/A,N/A
1815347,N/A,N/A,N/A,N/A,N/A
1323828,l,i,3,N/A,N/A
1389371,l,i,3,N/A,1
1299267,l,s,head,17,N/A
1307459,r,N/A,2,N/A,N/A
1667913,r,N/A,2,64,N/A
54090,r,i,head,57,N/A
1274699,N/A,N/A,N/A,N/A,N/A
1454932,r,i,2,N/A,7
2339675,N/A,N/A,N/A,N/A,N/A
1831781,N/A,N/A,N/A,N/A,N/A
1307494,N/A,N/A,N/A,N/A,N/A
1323882,r,i,3,N/A,3
1438573,N/A,N/A,N/A,N/A,N/A
1528697,r,m,3,N/A,N/A
1569660,r,i,1,149,7
1586046,N/A,N/A,N/A,N/A,N/A
1307524,r,m,2,67,N/A
144261,l,m,pygidium,82,N/A
1348484,r,m,2,65,N/A
1397639,r,i,3,N/A,3
1373064,l,i,head,N/A,N/A
1381260,N/A,N/A,N/A,N/A,N/A
1405840,r,i,2,N/A,6
1954706,N/A,N/A,N/A,N/A,N/A
1282965,r,s,head,100,15
1430426,r,i,head,124,12
2012071,N/A,N/A,N/A,N/A,N/A
1282984,r,N/A,head,N/A,N/A
1389486,N/A,N/A,N/A,N/A,N/A
1274799,r,m,1,142,N/A
1282992,l,N/A,head,N/A,N/A
1643440,l,N/A,1,N/A,N/A
1282998,l,N/A,head,N/A,N/A
1848249,l,m,2,N/A,N/A
1471420,l,s,head,N/A,10
1274820,l,i,2,N/A,7
1594313,r,s,pygidium,93,9
1635279,l,i,head,N/A,12
1414103,N/A,N/A,N/A,N/A,N/A
250842,r,s,head,39,N/A
1430491,l,i,3,N/A,2
1438682,l,i,2,N/A,7
1323997,N/A,N/A,N/A,N/A,N/A
1471450,l,i,head,N/A,N/A
1422303,l,i,3,N/A,5
1348581,l,N/A,2,N/A,N/A
1029097,l,N/A,2,N/A,N/A
955370,r,i,2,N/A,3
1283053,r,s,head,96,N/A
1340398,r,i,1,N/A,1
660463,l,s,head,N/A,N/A
1397746,l,N/A,2,N/A,N/A
1356793,l,N/A,2,N/A,N/A
1700859,l,s,3,91,N/A
939008,l,N/A,3,N/A,N/A
1397762,l,N/A,2,N/A,N/A
758789,l,s,head,N/A,N/A
1348615,r,N/A,1,N/A,N/A
1307663,r,i,head,140,13
1586199,r,N/A,1,N/A,N/A
1332248,r,i,head,N/A,N/A
1971227,r,m,2,N/A,N/A
1733661,N/A,N/A,N/A,N/A,N/A
1258527,l,i,head,N/A,N/A
1520675,l,i,2,N/A,1
1332260,r,i,head,120,N/A
1659941,l,N/A,2,N/A,N/A
1963046,N/A,N/A,N/A,N/A,N/A
1373224,r,N/A,3,N/A,N/A
1348649,l,s,1,80,N/A
1725480,r,i,2,N/A,7
1840169,r,i,3,N/A,N/A
308269,r,s,head,129,N/A
1348661,l,s,1,91,N/A
1397815,l,N/A,1,N/A,N/A
1971259,l,m,3,107,N/A
1414213,l,m,3,69,N/A
1455178,l,i,1,N/A,2
1324107,r,i,3,N/A,7
1700942,l,s,3,91,N/A
357455,r,i,head,N/A,N/A
1455183,N/A,N/A,N/A,N/A,N/A
1340501,r,i,2,79,7
758871,r,i,2,N/A,2
1332314,r,i,head,120,N/A
1373277,N/A,N/A,N/A,N/A,N/A
390240,r,s,0,167,N/A
1307745,l,i,head,N/A,12
1946723,N/A,N/A,N/A,N/A,N/A
1578084,r,i,head,N/A,N/A
1307754,N/A,N/A,N/A,N/A,N/A
1397866,N/A,N/A,N/A,N/A,N/A
1594476,N/A,N/A,N/A,N/A,N/A
1356912,r,N/A,head,N/A,N/A
2028656,l,N/A,2,N/A,N/A
1340536,N/A,N/A,N/A,N/A,N/A
1602680,r,i,1,N/A,3
1545339,r,N/A,2,N/A,N/A
1381501,l,i,2,N/A,2
1447037,l,m,3,156,N/A
1397887,l,i,1,N/A,2
1586304,r,N/A,1,N/A,N/A
1275010,l,N/A,3,N/A,N/A
1299586,r,i,head,118,N/A
1717380,l,i,1,N/A,N/A
1545349,l,i,3,73,7
1651849,r,N/A,1,N/A,N/A
668812,l,s,pygidium,170,9
1332367,r,s,head,32,N/A
1455247,l,N/A,2,N/A,N/A
1275026,l,s,pygidium,101,9
13459,l,s,head,1,N/A
2233503,N/A,N/A,N/A,N/A,N/A
1348770,r,s,1,80,N/A
1332389,r,i,head,120,N/A
365738,N/A,N/A,N/A,N/A,N/A
1356971,r,i,head,N/A,13
1275053,l,s,pygidium,101,9
2028720,l,m,2,128,N/A
185521,r,i,1,N/A,2
1815732,r,m,2,N/A,N/A
1356982,r,s,1,91,N/A
1635512,l,N/A,3,N/A,N/A
324793,r,s,head,100,N/A
2233530,N/A,N/A,N/A,N/A,N/A
1397950,N/A,N/A,N/A,N/A,N/A
177343,r,s,head,92,N/A
1086656,l,i,head,N/A,N/A
1316038,l,i,head,N/A,N/A
1381575,r,i,3,N/A,1
111828,r,i,head,N/A,N/A
1414358,l,N/A,3,N/A,N/A
1250520,l,i,2,N/A,3
1635545,l,N/A,3,N/A,N/A
185562,r,s,head,96,N/A
578783,r,N/A,3,N/A,N/A
414949,r,i,head,104,N/A
1316070,l,s,head,49,N/A
1340647,r,i,head,N/A,N/A
1357032,N/A,N/A,N/A,N/A,N/A
1971433,l,i,3,N/A,7
857325,r,i,head,126,N/A
1365232,l,i,1,149,7
1414384,l,N/A,3,N/A,N/A
275699,l,s,head,41,N/A
709878,r,N/A,head,N/A,N/A
1430776,N/A,N/A,N/A,N/A,N/A
1504505,r,N/A,2,N/A,N/A
1971452,r,i,2,N/A,N/A
1275135,r,s,pygidium,115,9
1971464,r,i,2,N/A,6
1316107,r,s,head,N/A,N/A
1447180,r,m,3,62,N/A
1848592,l,s,2,80,N/A
1520916,N/A,N/A,N/A,N/A,N/A
193819,r,s,head,100,15
1381662,l,m,2,165,N/A
1340703,r,i,head,N/A,N/A
1430816,N/A,N/A,N/A,N/A,N/A
1316130,l,i,head,N/A,N/A
1332516,rc,s,head,49,N/A
1725737,l,i,1,N/A,5
1357100,N/A,N/A,N/A,N/A,N/A
1447217,N/A,N/A,N/A,N/A,N/A
1504562,r,N/A,3,N/A,N/A
1717565,l,i,head,N/A,N/A
1520958,l,i,2,N/A,7
1488194,r,i,2,73,7
1455427,l,N/A,2,N/A,N/A
111948,r,i,head,N/A,12
1299789,r,N/A,2,N/A,N/A
1627479,l,i,head,N/A,N/A
1185115,r,i,head,21,N/A
1275230,l,i,3,N/A,7
2233700,l,i,1,N/A,N/A
1348968,r,s,0,101,16
505193,l,N/A,2,N/A,N/A
1275243,l,i,3,N/A,1
2282861,N/A,N/A,N/A,N/A,N/A
1357166,r,i,1,N/A,1
800116,l,N/A,1,N/A,N/A
1545589,r,N/A,2,N/A,N/A
1308022,l,i,1,N/A,4
505209,l,i,3,N/A,1
1414526,N/A,N/A,N/A,N/A,N/A
431489,r,s,head,29,N/A
1381761,N/A,N/A,N/A,N/A,N/A
1340805,l,i,head,124,12
1349004,r,s,3,80,N/A
1406349,l,s,head,N/A,N/A
1750414,r,N/A,3,N/A,N/A
1349009,r,s,3,91,N/A
1455507,l,N/A,2,N/A,N/A
316821,r,s,head,45,N/A
1185175,l,i,head,N/A,12
1381788,N/A,N/A,N/A,N/A,N/A
1488284,r,i,2,155,3
1349023,r,s,3,80,N/A
1349034,r,s,pygidium,101,9
1349040,l,s,3,101,N/A
1160628,r,s,head,41,N/A
423355,l,m,2,N/A,N/A
1349051,l,s,3,80,N/A
1381820,r,i,3,N/A,N/A
1971650,r,m,2,64,N/A
1856971,l,i,head,N/A,12
1455565,l,N/A,2,N/A,N/A
1349072,l,s,1,80,N/A
1652177,r,i,1,158,4
1349077,l,s,1,91,N/A
1545686,r,N/A,1,N/A,N/A
1275357,l,s,pygidium,80,9
1398237,N/A,N/A,N/A,N/A,N/A
1390047,l,i,3,79,7
1455582,l,s,head,32,N/A
1340899,r,i,3,N/A,1
1684965,l,m,2,159,N/A
1324518,l,s,pygidium,80,9
1275367,l,i,pygidium,146,3
1316332,r,i,head,N/A,N/A
1381871,l,N/A,3,N/A,N/A
1242615,N/A,N/A,N/A,N/A,N/A
292344,N/A,N/A,N/A,N/A,N/A
1349113,r,s,0,101,16
1381884,l,N/A,3,N/A,N/A
1324546,l,s,head,88,15
1381896,l,N/A,3,N/A,N/A
1578507,r,m,2,N/A,N/A
1742351,N/A,N/A,N/A,N/A,N/A
1480211,r,i,1,N/A,4
1070612,r,s,head,13,N/A
1570324,l,N/A,1,N/A,N/A
1406486,N/A,N/A,N/A,N/A,N/A
1390105,N/A,N/A,N/A,N/A,N/A
1488411,l,m,1,64,N/A
1422884,l,i,3,N/A,3
1652260,l,N/A,1,N/A,N/A
1799719,N/A,N/A,N/A,N/A,N/A
1324587,l,s,head,88,15
1381937,l,N/A,1,N/A,N/A
1463859,l,N/A,3,N/A,N/A
1324600,r,s,pygidium,101,9
1463866,l,N/A,3,N/A,N/A
1332795,N/A,N/A,N/A,N/A,N/A
1480250,N/A,N/A,N/A,N/A,N/A
1570363,l,N/A,1,N/A,N/A
1963581,N/A,N/A,N/A,N/A,N/A
153151,r,s,head,100,N/A
1381952,r,N/A,2,N/A,N/A
1300035,l,i,head,N/A,N/A
824903,r,i,0,N/A,1
423498,l,s,head,110,N/A
71248,r,i,head,3,N/A
2242135,N/A,N/A,N/A,N/A,N/A
1316451,l,s,head,N/A,N/A
1554019,r,m,head,178,N/A
169574,r,i,1,N/A,N/A
366190,r,i,head,124,12
1824372,l,m,2,64,N/A
1947255,l,i,2,155,3
54909,l,i,head,N/A,12
1275518,l,i,head,N/A,14
587391,r,N/A,1,N/A,N/A
513668,N/A,N/A,N/A,N/A,N/A
54919,r,i,head,N/A,N/A
22159,l,i,head,2,N/A
988822,r,m,head,178,N/A
284315,r,m,head,8,N/A
1365661,l,i,head,75,13
1447581,N/A,N/A,N/A,N/A,N/A
1472173,N/A,N/A,N/A,N/A,N/A
1611442,l,i,2,N/A,2
259763,r,i,1,N/A,N/A
1316531,l,i,head,N/A,N/A
1308347,l,i,1,N/A,7
1357500,N/A,N/A,N/A,N/A,N/A
1455810,N/A,N/A,N/A,N/A,N/A
1275595,r,i,head,N/A,N/A
1341140,r,i,3,N/A,1
1316572,l,i,head,140,13
1832672,r,m,1,64,N/A
1308387,r,N/A,0,N/A,N/A
1955563,N/A,N/A,N/A,N/A,N/A
1963755,r,i,3,70,3
1595117,l,N/A,2,N/A,N/A
1849075,N/A,N/A,N/A,N/A,N/A
1308413,l,i,1,73,7
1832710,N/A,N/A,N/A,N/A,N/A
767751,l,i,head,104,N/A
1349386,l,s,pygidium,80,9
55057,r,i,pygidium,145,1
1742612,r,i,0,N/A,1
1546007,l,i,2,N/A,1
1423131,r,i,3,N/A,7
1357597,r,i,2,155,3
1283875,l,i,head,N/A,N/A
628517,r,i,2,180,N/A
1398573,r,i,head,N/A,13
907055,r,m,3,156,N/A
1382194,l,i,2,N/A,7
366394,N/A,N/A,N/A,N/A,N/A
1349434,l,s,pygidium,N/A,9
1562433,r,i,1,109,N/A
1161034,l,s,head,173,N/A
14162,l,s,head,1,N/A
1521491,l,i,3,N/A,1
1161044,l,s,head,173,N/A
399192,r,s,head,29,N/A
2029400,N/A,N/A,N/A,N/A,N/A
1480539,N/A,N/A,N/A,N/A,N/A
1849185,l,s,2,91,N/A
1406825,l,i,head,2,N/A
1636201,N/A,N/A,N/A,N/A,N/A
1750890,N/A,N/A,N/A,N/A,N/A
1111918,r,N/A,head,N/A,N/A
366449,r,i,head,57,N/A
1562482,l,i,head,N/A,N/A
669558,l,s,head,N/A,N/A
1341302,l,i,3,N/A,N/A
399224,r,s,head,29,N/A
1275768,r,i,head,N/A,N/A
1398649,l,m,2,68,N/A
1849210,l,N/A,2,N/A,N/A
186240,r,N/A,head,N/A,N/A
1570688,r,N/A,1,N/A,N/A
751490,r,N/A,head,N/A,N/A
1341318,l,N/A,3,N/A,N/A
907144,l,m,3,162,N/A
1947528,N/A,N/A,N/A,N/A,N/A
1570700,l,N/A,1,N/A,N/A
1726348,l,i,head,83,7
251790,l,i,head,6,N/A
759694,r,i,1,73,7
1333136,l,N/A,3,N/A,N/A
1390483,N/A,N/A,N/A,N/A,N/A
227221,r,i,1,N/A,N/A
1570711,l,N/A,1,N/A,N/A
1275801,l,i,2,N/A,7
1292186,l,s,head,136,N/A
1488795,l,i,1,N/A,4
1718172,r,N/A,3,N/A,N/A
1537952,N/A,N/A,N/A,N/A,N/A
399266,r,s,head,29,N/A
1611683,r,i,2,73,7
1275812,l,N/A,2,N/A,N/A
1333158,r,s,head,17,N/A
1570729,l,N/A,1,N/A,N/A
309165,r,s,head,141,N/A
1554350,N/A,N/A,N/A,N/A,N/A
1275823,r,s,pygidium,80,9
300976,l,s,head,48,N/A
1308592,r,s,head,13,N/A
1652654,r,i,head,N/A,N/A
1570739,l,N/A,1,N/A,N/A
55225,r,i,2,N/A,3
1292228,l,s,head,51,N/A
1447877,l,i,1,N/A,2
55238,l,i,head,2,N/A
1308618,l,m,1,64,N/A
1390541,l,i,2,157,7
1849294,l,s,1,N/A,N/A
161743,r,i,head,58,13
1382357,N/A,N/A,N/A,N/A,N/A
1570773,r,N/A,2,N/A,N/A
1292247,N/A,N/A,N/A,N/A,N/A
1349592,N/A,N/A,N/A,N/A,N/A
1275865,r,s,head,49,N/A
1701849,r,i,head,N/A,12
1423327,r,N/A,3,N/A,N/A
1570785,l,N/A,3,N/A,N/A
1275880,l,s,head,49,N/A
1570796,r,N/A,pygidium,N/A,N/A
1849324,l,m,2,63,N/A
940016,l,N/A,2,N/A,N/A
1611764,N/A,N/A,N/A,N/A,N/A
1398775,l,N/A,2,N/A,N/A
1669116,l,N/A,2,N/A,N/A
1947647,r,i,3,N/A,7
1275907,r,s,head,49,N/A
1275916,l,i,head,N/A,N/A
768031,r,N/A,head,N/A,N/A
1357861,r,N/A,2,N/A,N/A
1849383,N/A,N/A,N/A,N/A,N/A
1734696,N/A,N/A,N/A,N/A,N/A
1472553,l,s,head,163,N/A
1357867,r,N/A,1,N/A,N/A
1292334,l,s,2,80,N/A
1390643,N/A,N/A,N/A,N/A,N/A
1611828,N/A,N/A,N/A,N/A,N/A
202807,l,N/A,head,N/A,N/A
1447992,r,i,2,N/A,1
923710,r,i,head,125,12
1333311,r,m,2,47,N/A
1292352,l,i,1,N/A,4
1333316,l,N/A,3,N/A,N/A
1316939,r,s,head,163,N/A
1349714,N/A,N/A,N/A,N/A,N/A
1955928,N/A,N/A,N/A,N/A,N/A
1103961,r,s,head,13,N/A
1955933,N/A,N/A,N/A,N/A,N/A
1439840,r,s,head,173,N/A
1103977,r,s,head,13,N/A
1570928,l,i,2,N/A,3
1431668,N/A,N/A,N/A,N/A,N/A
1734778,N/A,N/A,N/A,N/A,N/A
1398914,N/A,N/A,N/A,N/A,N/A
1726596,l,N/A,2,N/A,3
1611909,N/A,N/A,N/A,N/A,N/A
1276040,l,i,head,116,N/A
1292427,l,i,head,6,N/A
1685644,r,N/A,1,N/A,N/A
1366160,rc,i,pygidium,N/A,1
1382545,l,N/A,3,N/A,N/A
1390740,r,s,3,89,N/A
1530009,r,i,2,N/A,7
1390749,r,s,3,80,N/A
1308832,N/A,N/A,N/A,N/A,N/A
1374369,l,s,head,49,N/A
1956009,r,i,1,N/A,3
1292458,l,i,head,7,N/A
579755,l,m,3,64,N/A
1398955,N/A,N/A,N/A,N/A,N/A
1546413,r,N/A,1,N/A,N/A
1415344,l,m,3,165,N/A
587962,r,N/A,1,N/A,N/A
1407163,r,i,1,N/A,4
1349820,l,i,head,117,12
1579204,r,m,2,161,N/A
1956036,N/A,N/A,N/A,N/A,N/A
1120455,l,s,head,29,N/A
1603787,r,N/A,1,N/A,N/A
1407180,l,i,2,N/A,7
1439958,N/A,N/A,N/A,N/A,N/A
1325272,l,i,head,N/A,N/A
1415385,l,N/A,3,N/A,N/A
1841368,r,i,3,N/A,N/A
1054945,l,i,head,23,N/A
1349857,l,i,head,N/A,N/A
252137,r,s,head,5,N/A
1956074,N/A,N/A,N/A,N/A,N/A
71916,N/A,N/A,N/A,N/A,N/A
1276147,l,i,head,N/A,N/A
1603827,r,i,1,N/A,2
1849589,N/A,N/A,N/A,N/A,N/A
1317111,l,i,head,7,N/A
1693946,N/A,N/A,N/A,N/A,N/A
1300731,l,s,head,26,N/A
1841402,r,i,3,N/A,2
1390849,r,i,3,N/A,3
1603842,N/A,N/A,N/A,N/A,N/A
1366275,r,s,pygidium,101,9
776455,l,i,head,123,N/A
1366282,l,i,2,105,N/A
1333515,r,N/A,3,N/A,N/A
1849623,l,s,2,71,N/A
1333529,l,m,2,47,N/A
1464604,r,s,2,91,N/A
932125,r,m,1,64,N/A
1341740,r,m,head,164,N/A
1669421,r,N/A,1,N/A,N/A
1415473,l,m,3,159,N/A
1448244,r,i,2,N/A,N/A
1587509,r,N/A,2,N/A,N/A
1349942,l,s,1,81,N/A
1775932,r,i,head,N/A,N/A
1349949,l,s,1,101,N/A
1603906,r,N/A,1,N/A,N/A
1284425,r,N/A,2,N/A,3
1382729,r,m,2,69,N/A
637265,r,i,head,56,12
1415508,r,s,1,95,N/A
1857878,N/A,N/A,N/A,N/A,N/A
1431895,N/A,N/A,N/A,N/A,N/A
22876,r,s,head,1,N/A
1333597,r,N/A,2,N/A,N/A
1415528,r,s,1,71,N/A
801132,l,i,head,76,N/A
1415537,l,s,3,N/A,N/A
1333656,l,N/A,2,N/A,N/A
1841563,N/A,N/A,N/A,N/A,N/A
1472928,l,i,2,N/A,6
1702305,N/A,N/A,N/A,N/A,N/A
1374631,l,s,head,N/A,8
1595817,N/A,N/A,N/A,N/A,N/A
2185641,N/A,N/A,N/A,N/A,N/A
1317295,l,s,head,N/A,N/A
219569,r,N/A,head,N/A,N/A
932287,l,i,1,N/A,N/A
1350079,N/A,N/A,N/A,N/A,N/A
1833415,r,m,1,161,N/A
1612233,r,i,1,N/A,7
1382859,l,i,2,N/A,6
2243023,N/A,N/A,N/A,N/A,N/A
63952,N/A,N/A,N/A,N/A,N/A
1513938,N/A,N/A,N/A,N/A,N/A
1571286,r,i,0,83,7
1382871,l,i,2,N/A,6
2202073,N/A,N/A,N/A,N/A,N/A
170458,r,N/A,2,N/A,N/A
629210,r,s,head,138,8
981467,r,i,head,179,N/A
1645026,r,i,head,N/A,12
1366501,l,i,2,79,7
2013670,N/A,N/A,N/A,N/A,N/A
1595882,l,N/A,0,N/A,N/A
1956332,r,m,2,66,N/A
2185709,r,N/A,1,64,N/A
1350126,l,i,head,N/A,N/A
1366510,l,i,2,108,N/A
1358320,N/A,N/A,N/A,N/A,N/A
768500,l,i,head,N/A,12
1948151,r,i,2,N/A,3
1300984,N/A,N/A,N/A,N/A,N/A
604671,r,N/A,1,N/A,N/A
1317375,l,i,head,N/A,N/A
1456639,l,i,2,N/A,1
1284610,r,i,head,119,N/A
1849863,l,s,2,94,N/A
1022473,N/A,N/A,N/A,N/A,N/A
1808905,N/A,N/A,N/A,N/A,N/A
1571339,N/A,N/A,N/A,N/A,N/A
1333780,r,i,head,N/A,N/A
653848,r,i,3,N/A,N/A
1391139,l,N/A,3,N/A,N/A
1309222,r,s,head,N/A,N/A
1309228,r,s,head,13,N/A
1628716,l,N/A,2,N/A,N/A
1276462,l,s,head,N/A,N/A
1382959,r,s,3,71,N/A
1473074,r,i,head,104,N/A
1956404,N/A,N/A,N/A,N/A,N/A
940601,N/A,N/A,N/A,N/A,N/A
1325625,r,s,head,N/A,10
1350203,N/A,N/A,N/A,N/A,N/A
1686077,N/A,N/A,N/A,N/A,N/A
1325633,r,s,head,N/A,10
1382978,r,s,3,71,N/A
1448515,N/A,N/A,N/A,N/A,N/A
1628748,l,N/A,2,N/A,N/A
1841743,l,i,2,79,7
6743,l,s,head,1,N/A
1923672,l,s,head,168,N/A
1383001,r,m,3,165,N/A
2185818,N/A,N/A,N/A,N/A,N/A
1481307,N/A,N/A,N/A,N/A,N/A
1284704,r,s,head,131,N/A
1399394,l,m,2,68,N/A
1391216,N/A,N/A,N/A,N/A,N/A
1325682,r,s,head,N/A,10
580213,r,N/A,3,N/A,N/A
1391222,l,m,3,66,N/A
1342071,l,i,head,N/A,N/A
498302,l,i,head,124,12
55935,l,i,head,3,N/A
612991,r,s,head,29,N/A
1243776,l,N/A,2,N/A,N/A
1333887,l,i,head,123,N/A
1391234,l,m,3,68,N/A
1292932,r,i,head,6,N/A
1292947,r,i,head,124,12
1481366,N/A,N/A,N/A,N/A,N/A
932505,l,i,2,79,7
137882,r,N/A,0,N/A,N/A
1489563,l,i,head,125,12
203433,l,N/A,head,N/A,N/A
1284780,l,s,head,32,N/A
1923757,N/A,N/A,N/A,N/A,N/A
1473202,r,i,2,79,7
1317564,r,s,head,97,N/A
1342141,l,i,head,120,N/A
1514172,N/A,N/A,N/A,N/A,N/A
154304,r,i,1,N/A,7
252608,l,s,head,5,N/A
1293005,r,i,head,175,13
277200,l,s,head,46,N/A
2398932,N/A,N/A,N/A,N/A,N/A
1481436,N/A,N/A,N/A,N/A,N/A
1440477,l,N/A,pygidium,N/A,N/A
1850079,r,i,2,N/A,3
1350368,r,s,0,N/A,N/A
2013923,l,N/A,1,N/A,3
359142,r,m,head,86,N/A
1489640,l,m,head,164,N/A
1276652,l,i,head,127,N/A
1325812,r,i,head,N/A,N/A
1448695,N/A,N/A,N/A,N/A,N/A
64258,lr,s,1,36,N/A
1383171,r,i,2,108,N/A
1587973,l,i,1,N/A,N/A
1366793,N/A,N/A,N/A,N/A,N/A
1391371,N/A,N/A,N/A,N/A,N/A
1547023,l,N/A,0,N/A,N/A
1325843,r,s,head,N/A,N/A
1301268,l,i,head,4,N/A
1317660,r,s,head,29,N/A
1514272,N/A,N/A,N/A,N/A,N/A
56100,r,i,head,N/A,N/A
908068,r,i,1,155,3
1399590,r,m,2,161,N/A
1432357,r,m,2,N/A,N/A
1383209,l,N/A,3,N/A,N/A
1317675,lc,s,head,49,N/A
1276717,l,i,head,N/A,N/A
285487,N/A,N/A,N/A,N/A,N/A
1366839,r,m,2,N/A,N/A
1391418,N/A,N/A,N/A,N/A,N/A
2014021,N/A,N/A,N/A,N/A,N/A
564048,r,N/A,head,N/A,N/A
1776476,l,m,2,64,N/A
1407854,r,i,3,N/A,1
1776504,l,m,2,64,N/A
1022842,N/A,N/A,N/A,N/A,N/A
1350523,N/A,N/A,N/A,N/A,N/A
1416066,l,N/A,head,N/A,N/A
1514371,l,N/A,1,N/A,N/A
1440653,l,i,3,N/A,7
1842067,l,i,head,N/A,12
1358740,r,i,head,122,N/A
1792917,r,m,2,64,N/A
1448858,r,i,2,N/A,1
1407899,N/A,N/A,N/A,N/A,N/A
1276831,l,N/A,1,N/A,N/A
1588133,l,i,1,N/A,7
1629097,l,N/A,2,N/A,N/A
252853,l,s,head,5,N/A
1326008,l,i,head,N/A,N/A
1514425,N/A,N/A,N/A,N/A,N/A
1137595,r,N/A,1,N/A,N/A
1391550,N/A,N/A,N/A,N/A,N/A
228289,r,m,pygidium,82,N/A
1391561,l,i,1,N/A,1
1448906,l,N/A,3,N/A,N/A
1285069,r,m,head,19,N/A
1285075,l,i,head,126,N/A
1334234,l,i,head,174,N/A
1514458,N/A,N/A,N/A,N/A,N/A
1391584,l,m,1,N/A,N/A
1563616,N/A,N/A,N/A,N/A,N/A
1276909,r,s,head,18,N/A
1727474,l,m,2,65,N/A
1416180,r,N/A,1,N/A,N/A
1293303,N/A,N/A,N/A,N/A,N/A
1383418,l,m,3,61,N/A
1440768,r,N/A,3,N/A,N/A
1432579,N/A,N/A,N/A,N/A,N/A
1416198,r,N/A,2,N/A,N/A
1432586,N/A,N/A,N/A,N/A,N/A
1391634,N/A,N/A,N/A,N/A,N/A
1850387,N/A,N/A,N/A,N/A,N/A
1244182,r,m,3,64,N/A
1178653,r,i,3,N/A,1
1416227,r,N/A,3,N/A,N/A
1178663,r,s,pygidium,101,9
1481767,N/A,N/A,N/A,N/A,N/A
1276971,l,s,2,80,N/A
1440816,r,i,3,N/A,N/A
1317942,l,i,head,123,N/A
1350710,N/A,N/A,N/A,N/A,N/A
1276992,l,s,3,80,N/A
588869,l,s,head,139,N/A
1293381,l,i,head,N/A,N/A
1424455,r,N/A,2,N/A,N/A
1571934,r,i,1,N/A,7
982115,l,m,head,178,N/A
1416299,l,N/A,1,N/A,N/A
1850475,r,N/A,2,N/A,N/A
318576,r,s,head,130,N/A
1850496,l,s,2,71,N/A
1391745,l,N/A,1,N/A,N/A
433286,N/A,N/A,head,N/A,N/A
1285267,r,i,head,N/A,N/A
1653907,l,i,2,73,7
1563802,l,i,head,N/A,N/A
171166,r,N/A,head,N/A,N/A
15519,r,s,head,1,N/A
1547424,l,m,1,N/A,N/A
1383587,r,i,2,N/A,7
1449124,N/A,N/A,N/A,N/A,N/A
1399974,l,N/A,2,N/A,N/A
1342632,r,i,head,N/A,N/A
1752235,r,m,3,68,N/A
1293484,r,m,3,63,N/A
1547439,r,s,head,N/A,N/A
1383600,r,i,2,N/A,7
1834160,l,i,head,N/A,N/A
1645747,l,i,1,N/A,N/A
1285301,r,i,head,N/A,N/A
1350839,l,s,2,89,N/A
1285306,r,i,head,N/A,N/A
359612,r,i,head,N/A,N/A
1932476,N/A,N/A,N/A,N/A,N/A
1285310,r,i,head,23,N/A
1588419,l,s,1,95,N/A
1416388,r,N/A,2,N/A,N/A
40141,r,i,head,2,N/A
1129677,l,i,head,N/A,N/A
1285327,r,i,head,N/A,N/A
1293518,r,i,head,N/A,12
392410,r,i,head,N/A,N/A
1645789,l,i,1,N/A,2
1277150,l,N/A,1,N/A,N/A
1416416,r,N/A,1,N/A,N/A
1613030,N/A,N/A,N/A,N/A,N/A
1342703,N/A,N/A,N/A,N/A,N/A
1400051,N/A,N/A,N/A,N/A,N/A
1326324,r,s,head,N/A,8
1957108,r,i,2,N/A,2
1285367,r,s,head,113,N/A
1817849,l,N/A,3,N/A,N/A
1498370,l,i,head,N/A,13
1342725,r,s,pygidium,170,9
1735943,N/A,N/A,N/A,N/A,N/A
1334543,r,i,head,N/A,N/A
1285393,r,i,head,4,N/A
802066,l,i,1,N/A,3
1383699,l,i,3,N/A,3
1449234,l,i,head,N/A,N/A
1981717,N/A,N/A,N/A,N/A,N/A
261398,l,m,1,87,N/A
1957143,N/A,N/A,N/A,N/A,N/A
1441050,l,i,2,N/A,1
1457434,r,i,1,N/A,3
1416476,r,N/A,1,N/A,N/A
1670429,l,N/A,3,N/A,N/A
1277215,l,i,head,N/A,14
1744166,l,N/A,3,N/A,N/A
1383723,r,i,3,N/A,N/A
1441073,r,i,2,N/A,7
826675,l,m,head,86,N/A
1744183,l,N/A,3,N/A,N/A
1785146,l,s,head,31,N/A
1113404,l,s,head,13,N/A
1400126,r,i,3,N/A,6
1735998,N/A,N/A,N/A,N/A,N/A
1310016,l,s,head,N/A,N/A
1383745,l,N/A,3,N/A,N/A
73027,l,i,head,N/A,N/A
1678661,r,m,1,64,N/A
2301260,N/A,N/A,N/A,N/A,N/A
7501,l,s,head,1,N/A
113999,l,m,head,8,N/A
1416527,l,i,3,146,3
1432915,l,i,3,154,3
1645907,l,N/A,2,N/A,N/A
1367387,l,s,head,99,N/A
1383778,r,N/A,3,N/A,N/A
73059,l,i,head,2,N/A
81251,lc,s,head,43,N/A
1678692,l,m,1,N/A,N/A
359783,r,N/A,head,N/A,N/A
1645931,l,N/A,2,N/A,N/A
1957230,l,i,2,176,6
556399,l,N/A,1,N/A,N/A
1072496,r,s,head,26,N/A
23921,r,s,head,1,N/A
1473904,l,s,head,N/A,8
662902,N/A,N/A,N/A,N/A,N/A
1400183,N/A,N/A,N/A,N/A,N/A
1449339,r,i,head,N/A,12
335229,r,i,head,N/A,13
1449343,N/A,N/A,N/A,N/A,N/A
1793408,l,m,1,162,N/A
1965440,N/A,N/A,N/A,N/A,N/A
1359237,l,i,head,144,13
1375626,N/A,N/A,N/A,N/A,N/A
32142,l,i,head,2,N/A
1850777,l,m,1,161,N/A
1318311,l,s,head,N/A,N/A
1957288,r,i,head,N/A,12
957866,N/A,N/A,N/A,N/A,N/A
1457578,l,i,2,N/A,7
482732,l,s,head,29,N/A
1629613,l,N/A,2,N/A,N/A
2014638,N/A,N/A,N/A,N/A,N/A
1392050,r,N/A,3,N/A,N/A
1957305,N/A,N/A,N/A,N/A,N/A
1310144,l,i,1,N/A,N/A
1031618,r,N/A,2,N/A,N/A
1834435,N/A,N/A,N/A,N/A,N/A
1670599,l,N/A,2,N/A,N/A
2301384,N/A,N/A,N/A,N/A,N/A
1310154,N/A,N/A,N/A,N/A,N/A
1433034,r,i,3,N/A,N/A
1957322,N/A,N/A,N/A,N/A,N/A
1424853,l,i,3,N/A,2
441817,l,s,head,16,N/A
1703390,r,N/A,2,N/A,N/A
531949,r,s,head,14,N/A
1416695,l,N/A,head,N/A,N/A
744953,r,s,head,80,N/A
1342970,r,s,head,N/A,N/A
1211899,l,s,head,15,N/A
1342975,r,s,head,N/A,N/A
1957377,r,N/A,1,N/A,N/A
1392132,l,N/A,3,N/A,N/A
1113608,r,N/A,0,N/A,N/A
1302031,l,i,head,124,12
1342991,r,N/A,head,N/A,N/A
1318423,r,s,head,29,N/A
1302040,r,i,head,N/A,N/A
1392152,l,N/A,3,N/A,N/A
1605150,l,N/A,1,N/A,N/A
1703455,r,N/A,2,N/A,N/A
1932830,N/A,N/A,N/A,N/A,N/A
1777190,r,s,head,N/A,N/A
1392171,l,N/A,3,N/A,N/A
1703468,r,N/A,2,N/A,N/A
1621549,r,N/A,3,N/A,N/A
1383986,l,s,3,71,N/A
2014770,N/A,N/A,N/A,N/A,N/A
269876,r,s,head,50,N/A
1351221,l,i,1,N/A,N/A
1474100,r,m,3,N/A,N/A
1130041,l,s,head,49,N/A
1408570,r,N/A,pygidium,N/A,N/A
1465914,l,i,head,124,12
1400382,r,i,3,74,7
1285696,r,s,head,28,N/A
1343040,l,N/A,3,N/A,N/A
1302082,l,i,head,123,N/A
1416768,l,N/A,2,N/A,N/A
1678918,l,i,pygidium,72,1
1384013,l,m,3,165,N/A
48718,r,i,head,2,N/A
2014797,N/A,N/A,N/A,N/A,N/A
1343057,l,N/A,3,N/A,N/A
523862,l,s,head,30,N/A
1392216,l,N/A,pygidium,N/A,N/A
523868,l,i,head,N/A,N/A
1441373,r,i,2,N/A,1
1392222,l,N/A,pygidium,N/A,N/A
1318495,l,i,head,N/A,N/A
1850975,N/A,N/A,N/A,N/A,N/A
2014813,l,i,1,N/A,3
564835,N/A,N/A,N/A,N/A,N/A
843373,N/A,N/A,N/A,N/A,N/A
1293934,N/A,N/A,N/A,N/A,N/A
1441389,r,i,2,N/A,7
1351280,l,i,2,73,7
1490551,r,i,2,N/A,N/A
1646209,l,i,head,83,7
188036,r,N/A,head,N/A,N/A
1285768,r,s,head,110,N/A
1425033,r,i,head,123,N/A
1449610,r,s,3,N/A,N/A
1351307,l,i,1,73,7
1916554,l,N/A,1,N/A,N/A
958099,r,i,2,N/A,5
556693,l,N/A,1,N/A,N/A
1695383,N/A,N/A,N/A,N/A,N/A
1310363,r,i,1,73,7
982688,r,s,head,114,N/A
1277600,N/A,N/A,N/A,N/A,N/A
1310373,N/A,N/A,N/A,N/A,N/A
1244844,N/A,N/A,N/A,N/A,N/A
1302189,r,i,head,11,N/A
556718,r,i,head,N/A,12
1457836,r,m,3,N/A,N/A
1547950,l,N/A,1,N/A,N/A
515762,r,i,head,117,12
1433269,l,N/A,2,N/A,N/A
212664,l,N/A,head,N/A,N/A
1654460,r,N/A,3,N/A,N/A
1367741,l,i,head,127,N/A
1932988,l,i,head,N/A,13
1416897,N/A,N/A,N/A,N/A,N/A
1744577,r,i,head,N/A,N/A
941766,l,N/A,2,N/A,N/A
1318602,l,i,head,N/A,N/A
32460,l,i,head,3,N/A
1621708,r,N/A,3,N/A,N/A
1285842,r,s,head,N/A,N/A
1490643,N/A,N/A,N/A,N/A,N/A
1629909,l,N/A,2,N/A,N/A
1400535,r,i,3,N/A,1
1466076,r,s,head,N/A,10
1998558,r,i,head,N/A,N/A
1605349,r,N/A,2,N/A,N/A
1302247,l,i,2,109,N/A
1646318,l,N/A,2,N/A,N/A
1457903,N/A,N/A,N/A,N/A,N/A
1285875,r,i,head,124,12
1490675,l,i,2,N/A,3
1654515,r,N/A,3,N/A,N/A
188153,r,N/A,head,N/A,N/A
1302266,r,i,head,N/A,13
499451,l,i,head,124,12
1203965,r,N/A,0,N/A,N/A
1343244,r,m,3,N/A,N/A
1580815,N/A,N/A,N/A,N/A,N/A
1629968,l,N/A,2,N/A,N/A
1670927,r,N/A,1,N/A,N/A
1351442,N/A,N/A,N/A,N/A,N/A
1163030,l,s,head,163,N/A
1580828,N/A,N/A,N/A,N/A,N/A
2416412,l,i,2,N/A,N/A
204577,l,N/A,head,N/A,N/A
1277733,N/A,N/A,N/A,N/A,N/A
1433397,l,m,1,N/A,N/A
1425208,N/A,N/A,N/A,N/A,N/A
1277759,l,m,pygidium,82,N/A
1335104,l,N/A,3,N/A,N/A
1646402,l,N/A,head,N/A,N/A
1630022,l,N/A,2,N/A,N/A
1302345,r,i,3,N/A,N/A
1433418,r,i,head,N/A,12
1359694,r,i,head,N/A,N/A
1441614,r,i,2,N/A,1
1482574,r,s,2,143,N/A
1613646,r,i,1,60,7
1638229,N/A,N/A,N/A,N/A,N/A
565079,l,i,3,N/A,1
1957722,r,i,1,N/A,1
1433435,N/A,N/A,N/A,N/A,N/A
1646429,l,N/A,1,N/A,N/A
1408867,l,m,3,63,N/A
1654629,r,i,head,22,12
1130360,l,s,head,49,N/A
1564536,N/A,N/A,N/A,N/A,N/A
1032061,r,N/A,2,N/A,N/A
1367937,N/A,N/A,N/A,N/A,N/A
139142,l,s,1,38,N/A
1736582,r,N/A,3,N/A,N/A
1523593,N/A,N/A,N/A,N/A,N/A
786317,N/A,N/A,N/A,N/A,N/A
2015119,l,s,head,100,N/A
442258,l,N/A,N/A,N/A,N/A
1277851,r,s,3,143,N/A
147361,l,i,1,N/A,3
1728420,N/A,N/A,N/A,N/A,N/A
1621926,r,N/A,3,N/A,N/A
1359787,l,i,0,N/A,N/A
1327020,r,s,head,N/A,15
1449903,r,N/A,1,N/A,7
1957809,r,m,2,162,N/A
1408946,r,N/A,3,N/A,N/A
1400756,l,i,3,70,3
1335221,r,i,head,N/A,N/A
1392567,l,N/A,3,N/A,N/A
1408956,r,N/A,3,N/A,N/A
1122238,r,s,head,N/A,N/A
1425347,r,s,3,80,N/A
1114055,r,N/A,0,N/A,N/A
942028,l,N/A,1,N/A,N/A
384976,N/A,N/A,N/A,N/A,N/A
1204176,r,s,0,167,N/A
1671122,N/A,N/A,N/A,N/A,N/A
1368019,l,N/A,3,N/A,N/A
1368025,l,N/A,pygidium,N/A,N/A
2015193,l,s,head,100,N/A
1368030,l,N/A,3,N/A,N/A
1368040,l,N/A,0,N/A,N/A
180202,r,N/A,head,N/A,N/A
1343467,r,i,head,153,12
1277932,l,m,1,N/A,N/A
1621996,r,N/A,3,N/A,N/A
1630186,l,N/A,2,N/A,N/A
1441775,r,m,3,N/A,N/A
1597423,r,N/A,pygidium,N/A,N/A
1302513,l,s,head,N/A,N/A
1671147,r,m,1,165,N/A
1974266,N/A,N/A,N/A,N/A,N/A
1376251,l,i,head,N/A,N/A
1048573,l,i,3,N/A,N/A
